2018-09-17 09:30:00,358.7142
2018-09-17 09:31:00,358.89
2018-09-17 09:32:00,358.01
2018-09-17 09:33:00,358.12
2018-09-17 09:34:00,358.09
2018-09-17 09:35:00,357.48
2018-09-17 09:36:00,356.82
2018-09-17 09:37:00,357.56
2018-09-17 09:38:00,357.985
2018-09-17 09:39:00,358.69
2018-09-17 09:40:00,359.32
2018-09-17 09:41:00,359.22
2018-09-17 09:42:00,359.7025
2018-09-17 09:43:00,360.28
2018-09-17 09:44:00,359.81
2018-09-17 09:45:00,360.52
2018-09-17 09:46:00,360.68
2018-09-17 09:47:00,361.16
2018-09-17 09:48:00,360.94
2018-09-17 09:49:00,360.615
2018-09-17 09:50:00,360.31
2018-09-17 09:51:00,359.841
2018-09-17 09:52:00,360.25
2018-09-17 09:53:00,360.0
2018-09-17 09:54:00,359.57
2018-09-17 09:55:00,359.35
2018-09-17 09:56:00,359.374
2018-09-17 09:57:00,359.5
2018-09-17 09:58:00,359.59
2018-09-17 09:59:00,359.8231
2018-09-17 10:00:00,359.53
2018-09-17 10:01:00,359.44
2018-09-17 10:02:00,359.4
2018-09-17 10:03:00,358.89
2018-09-17 10:04:00,358.45
2018-09-17 10:05:00,358.8823
2018-09-17 10:06:00,358.46
2018-09-17 10:07:00,358.3
2018-09-17 10:08:00,358.28
2018-09-17 10:09:00,358.53
2018-09-17 10:10:00,358.51
2018-09-17 10:11:00,358.24
2018-09-17 10:12:00,358.74
2018-09-17 10:13:00,359.02
2018-09-17 10:14:00,359.185
2018-09-17 10:15:00,359.5199
2018-09-17 10:16:00,359.34
2018-09-17 10:17:00,359.19
2018-09-17 10:18:00,359.18
2018-09-17 10:19:00,359.02
2018-09-17 10:20:00,358.9138
2018-09-17 10:21:00,359.03
2018-09-17 10:22:00,359.1081
2018-09-17 10:23:00,358.875
2018-09-17 10:24:00,358.83
2018-09-17 10:25:00,359.2216
2018-09-17 10:27:00,359.4827
2018-09-17 10:28:00,359.47
2018-09-17 10:29:00,359.33
2018-09-17 10:30:00,359.14
2018-09-17 10:31:00,359.55
2018-09-17 10:32:00,359.45
2018-09-17 10:33:00,359.45
2018-09-17 10:34:00,359.4655
2018-09-17 10:35:00,359.36
2018-09-17 10:36:00,359.23
2018-09-17 10:37:00,359.52
2018-09-17 10:38:00,359.69
2018-09-17 10:39:00,359.77
2018-09-17 10:40:00,359.81
2018-09-17 10:41:00,360.075
2018-09-17 10:42:00,360.01
2018-09-17 10:43:00,360.09
2018-09-17 10:44:00,360.23
2018-09-17 10:45:00,360.23
2018-09-17 10:46:00,360.62
2018-09-17 10:47:00,360.66
2018-09-17 10:48:00,360.5663
2018-09-17 10:49:00,360.36
2018-09-17 10:50:00,360.54
2018-09-17 10:51:00,360.75
2018-09-17 10:52:00,360.099
2018-09-17 10:53:00,359.9
2018-09-17 10:54:00,359.66
2018-09-17 10:55:00,359.5
2018-09-17 10:56:00,359.23
2018-09-17 10:57:00,358.96
2018-09-17 10:58:00,359.2
2018-09-17 10:59:00,359.07
2018-09-17 11:00:00,359.06
2018-09-17 11:01:00,359.08
2018-09-17 11:02:00,359.2122
2018-09-17 11:03:00,358.97
2018-09-17 11:04:00,359.0291
2018-09-17 11:05:00,359.2204
2018-09-17 11:06:00,359.17
2018-09-17 11:08:00,358.96
2018-09-17 11:09:00,359.2
2018-09-17 11:10:00,359.3028
2018-09-17 11:11:00,359.37
2018-09-17 11:12:00,359.63
2018-09-17 11:13:00,359.67
2018-09-17 11:14:00,359.63
2018-09-17 11:15:00,359.84
2018-09-17 11:16:00,359.7043
2018-09-17 11:17:00,359.53
2018-09-17 11:18:00,359.57
2018-09-17 11:19:00,359.7
2018-09-17 11:20:00,359.77
2018-09-17 11:21:00,359.6455
2018-09-17 11:22:00,359.5709
2018-09-17 11:23:00,359.58
2018-09-17 11:25:00,359.45
2018-09-17 11:26:00,359.49
2018-09-17 11:27:00,359.48
2018-09-17 11:28:00,359.49
2018-09-17 11:29:00,359.18
2018-09-17 11:30:00,359.38
2018-09-17 11:31:00,359.54
2018-09-17 11:32:00,359.37
2018-09-17 11:33:00,359.22
2018-09-17 11:34:00,359.33
2018-09-17 11:35:00,359.259
2018-09-17 11:36:00,358.99
2018-09-17 11:37:00,359.0799
2018-09-17 11:38:00,359.07
2018-09-17 11:39:00,358.86
2018-09-17 11:40:00,358.7364
2018-09-17 11:41:00,358.8
2018-09-17 11:42:00,358.7
2018-09-17 11:43:00,358.7
2018-09-17 11:44:00,358.9042
2018-09-17 11:45:00,358.6601
2018-09-17 11:46:00,358.59
2018-09-17 11:47:00,358.37
2018-09-17 11:48:00,358.37
2018-09-17 11:49:00,358.42
2018-09-17 11:50:00,358.3
2018-09-17 11:51:00,358.36
2018-09-17 11:52:00,358.33
2018-09-17 11:53:00,358.41
2018-09-17 11:54:00,358.5
2018-09-17 11:55:00,358.52
2018-09-17 11:56:00,358.5
2018-09-17 11:57:00,358.44
2018-09-17 11:59:00,358.33
2018-09-17 12:00:00,358.46
2018-09-17 12:01:00,358.4
2018-09-17 12:02:00,358.2376
2018-09-17 12:04:00,358.3
2018-09-17 12:05:00,358.1895
2018-09-17 12:06:00,358.29
2018-09-17 12:07:00,358.29
2018-09-17 12:08:00,358.23
2018-09-17 12:09:00,358.27
2018-09-17 12:10:00,358.19
2018-09-17 12:11:00,358.15
2018-09-17 12:12:00,358.19
2018-09-17 12:13:00,358.11
2018-09-17 12:14:00,358.15
2018-09-17 12:15:00,358.11
2018-09-17 12:16:00,358.235
2018-09-17 12:17:00,358.24
2018-09-17 12:18:00,358.29
2018-09-17 12:19:00,358.52
2018-09-17 12:20:00,358.6224
2018-09-17 12:21:00,358.79
2018-09-17 12:22:00,358.92
2018-09-17 12:23:00,358.85
2018-09-17 12:24:00,359.01
2018-09-17 12:25:00,359.25
2018-09-17 12:26:00,359.26
2018-09-17 12:27:00,359.28
2018-09-17 12:28:00,359.09
2018-09-17 12:29:00,358.78
2018-09-17 12:30:00,359.02
2018-09-17 12:31:00,358.8954
2018-09-17 12:32:00,358.76
2018-09-17 12:33:00,358.66
2018-09-17 12:34:00,358.65
2018-09-17 12:35:00,358.61
2018-09-17 12:36:00,358.91
2018-09-17 12:37:00,358.79
2018-09-17 12:38:00,358.75
2018-09-17 12:39:00,358.76
2018-09-17 12:40:00,358.68
2018-09-17 12:41:00,358.6
2018-09-17 12:42:00,358.47
2018-09-17 12:43:00,358.35
2018-09-17 12:44:00,358.305
2018-09-17 12:45:00,358.39
2018-09-17 12:46:00,358.51
2018-09-17 12:47:00,358.66
2018-09-17 12:49:00,358.835
2018-09-17 12:50:00,358.91
2018-09-17 12:51:00,358.97
2018-09-17 12:52:00,358.7
2018-09-17 12:53:00,358.5
2018-09-17 12:54:00,357.97
2018-09-17 12:55:00,357.81
2018-09-17 12:56:00,357.66
2018-09-17 12:57:00,357.82
2018-09-17 12:59:00,357.93
2018-09-17 13:00:00,358.02
2018-09-17 13:01:00,357.98
2018-09-17 13:02:00,357.75
2018-09-17 13:03:00,357.42
2018-09-17 13:04:00,357.31
2018-09-17 13:05:00,357.46
2018-09-17 13:06:00,357.35
2018-09-17 13:07:00,357.2508
2018-09-17 13:08:00,357.31
2018-09-17 13:09:00,357.345
2018-09-17 13:10:00,357.201
2018-09-17 13:11:00,357.037
2018-09-17 13:12:00,357.21
2018-09-17 13:13:00,356.85
2018-09-17 13:14:00,356.7855
2018-09-17 13:15:00,356.71
2018-09-17 13:16:00,356.41
2018-09-17 13:17:00,356.4824
2018-09-17 13:18:00,356.47
2018-09-17 13:19:00,356.35
2018-09-17 13:20:00,356.41
2018-09-17 13:21:00,356.78
2018-09-17 13:22:00,356.62
2018-09-17 13:23:00,356.67
2018-09-17 13:24:00,356.53
2018-09-17 13:25:00,356.83
2018-09-17 13:26:00,356.91
2018-09-17 13:27:00,356.75
2018-09-17 13:28:00,356.82
2018-09-17 13:29:00,356.8891
2018-09-17 13:30:00,356.52
2018-09-17 13:31:00,356.57
2018-09-17 13:32:00,356.49
2018-09-17 13:33:00,356.38
2018-09-17 13:34:00,356.48
2018-09-17 13:35:00,356.38
2018-09-17 13:36:00,356.39
2018-09-17 13:37:00,356.55
2018-09-17 13:38:00,356.56
2018-09-17 13:39:00,356.54
2018-09-17 13:40:00,356.8
2018-09-17 13:41:00,356.7
2018-09-17 13:42:00,356.6383
2018-09-17 13:43:00,356.61
2018-09-17 13:44:00,356.62
2018-09-17 13:45:00,356.6
2018-09-17 13:46:00,356.7
2018-09-17 13:47:00,356.79
2018-09-17 13:48:00,357.18
2018-09-17 13:49:00,357.25
2018-09-17 13:50:00,357.2291
2018-09-17 13:51:00,357.2115
2018-09-17 13:52:00,357.2
2018-09-17 13:53:00,357.32
2018-09-17 13:54:00,357.37
2018-09-17 13:55:00,357.66
2018-09-17 13:56:00,357.61
2018-09-17 13:57:00,357.56
2018-09-17 13:58:00,357.45
2018-09-17 13:59:00,357.445
2018-09-17 14:00:00,357.37
2018-09-17 14:02:00,357.49
2018-09-17 14:03:00,357.44
2018-09-17 14:04:00,357.57
2018-09-17 14:05:00,357.53
2018-09-17 14:07:00,357.52
2018-09-17 14:08:00,357.31
2018-09-17 14:09:00,357.38
2018-09-17 14:10:00,357.41
2018-09-17 14:11:00,357.26
2018-09-17 14:12:00,357.12
2018-09-17 14:13:00,357.1575
2018-09-17 14:14:00,357.19
2018-09-17 14:15:00,357.11
2018-09-17 14:17:00,357.24
2018-09-17 14:18:00,357.23
2018-09-17 14:19:00,357.1
2018-09-17 14:20:00,357.23
2018-09-17 14:21:00,357.2782
2018-09-17 14:23:00,357.31
2018-09-17 14:24:00,357.28
2018-09-17 14:25:00,357.36
2018-09-17 14:26:00,357.335
2018-09-17 14:27:00,357.31
2018-09-17 14:28:00,357.53
2018-09-17 14:29:00,357.58
2018-09-17 14:30:00,357.5185
2018-09-17 14:31:00,357.6705
2018-09-17 14:32:00,357.579
2018-09-17 14:33:00,357.62
2018-09-17 14:34:00,357.7973
2018-09-17 14:35:00,357.835
2018-09-17 14:37:00,357.78
2018-09-17 14:38:00,357.6876
2018-09-17 14:39:00,357.8511
2018-09-17 14:40:00,357.89
2018-09-17 14:41:00,357.64
2018-09-17 14:43:00,357.57
2018-09-17 14:44:00,357.5899
2018-09-17 14:45:00,357.35
2018-09-17 14:46:00,357.24
2018-09-17 14:47:00,357.3
2018-09-17 14:48:00,357.37
2018-09-17 14:49:00,357.45
2018-09-17 14:50:00,357.49
2018-09-17 14:51:00,357.26
2018-09-17 14:52:00,357.27
2018-09-17 14:53:00,357.27
2018-09-17 14:54:00,357.15
2018-09-17 14:55:00,357.1
2018-09-17 14:56:00,357.12
2018-09-17 14:57:00,356.85
2018-09-17 14:58:00,356.65
2018-09-17 14:59:00,356.7
2018-09-17 15:00:00,356.92
2018-09-17 15:01:00,356.96
2018-09-17 15:02:00,356.89
2018-09-17 15:03:00,357.0
2018-09-17 15:04:00,356.96
2018-09-17 15:05:00,356.9
2018-09-17 15:06:00,356.64
2018-09-17 15:07:00,356.64
2018-09-17 15:08:00,356.395
2018-09-17 15:09:00,356.095
2018-09-17 15:10:00,356.39
2018-09-17 15:11:00,356.42
2018-09-17 15:12:00,356.34
2018-09-17 15:13:00,356.25
2018-09-17 15:14:00,356.35
2018-09-17 15:15:00,356.41
2018-09-17 15:16:00,356.47
2018-09-17 15:17:00,356.24
2018-09-17 15:18:00,356.29
2018-09-17 15:19:00,356.14
2018-09-17 15:20:00,355.78
2018-09-17 15:21:00,355.74
2018-09-17 15:22:00,355.59
2018-09-17 15:23:00,355.86
2018-09-17 15:24:00,355.77
2018-09-17 15:25:00,355.78
2018-09-17 15:26:00,355.85
2018-09-17 15:27:00,355.98
2018-09-17 15:28:00,355.99
2018-09-17 15:29:00,355.85
2018-09-17 15:30:00,355.5
2018-09-17 15:31:00,355.47
2018-09-17 15:32:00,355.66
2018-09-17 15:33:00,355.57
2018-09-17 15:34:00,355.56
2018-09-17 15:35:00,355.62
2018-09-17 15:36:00,355.42
2018-09-17 15:37:00,355.36
2018-09-17 15:38:00,355.21
2018-09-17 15:39:00,355.1819
2018-09-17 15:40:00,354.9211
2018-09-17 15:41:00,354.72
2018-09-17 15:42:00,354.79
2018-09-17 15:43:00,355.18
2018-09-17 15:44:00,355.28
2018-09-17 15:45:00,355.6
2018-09-17 15:46:00,355.6
2018-09-17 15:47:00,355.7
2018-09-17 15:48:00,356.13
2018-09-17 15:49:00,355.85
2018-09-17 15:50:00,355.73
2018-09-17 15:51:00,355.5127
2018-09-17 15:52:00,355.48
2018-09-17 15:53:00,355.32
2018-09-17 15:54:00,355.17
2018-09-17 15:55:00,355.42
2018-09-17 15:56:00,355.55
2018-09-17 15:57:00,355.46
2018-09-17 15:58:00,355.405
2018-09-17 15:59:00,355.985
2018-09-18 09:30:00,357.13
2018-09-18 09:31:00,357.265
2018-09-18 09:32:00,357.8001
2018-09-18 09:33:00,358.0539
2018-09-18 09:34:00,358.67
2018-09-18 09:35:00,358.53
2018-09-18 09:36:00,358.65
2018-09-18 09:37:00,358.25
2018-09-18 09:38:00,357.61
2018-09-18 09:39:00,357.93
2018-09-18 09:40:00,358.03
2018-09-18 09:41:00,358.07
2018-09-18 09:42:00,358.39
2018-09-18 09:43:00,358.5899
2018-09-18 09:44:00,358.62
2018-09-18 09:45:00,358.96
2018-09-18 09:46:00,358.9535
2018-09-18 09:47:00,358.31
2018-09-18 09:48:00,358.765
2018-09-18 09:49:00,358.65
2018-09-18 09:50:00,358.56
2018-09-18 09:51:00,358.8
2018-09-18 09:52:00,358.737
2018-09-18 09:53:00,358.61
2018-09-18 09:54:00,358.22
2018-09-18 09:55:00,358.31
2018-09-18 09:56:00,358.36
2018-09-18 09:57:00,358.52
2018-09-18 09:58:00,358.15
2018-09-18 09:59:00,357.94
2018-09-18 10:00:00,357.73
2018-09-18 10:01:00,357.41
2018-09-18 10:02:00,356.61
2018-09-18 10:03:00,356.93
2018-09-18 10:04:00,356.4118
2018-09-18 10:05:00,356.4757
2018-09-18 10:06:00,356.72
2018-09-18 10:07:00,356.39
2018-09-18 10:08:00,356.4373
2018-09-18 10:09:00,356.6
2018-09-18 10:10:00,356.74
2018-09-18 10:11:00,356.75
2018-09-18 10:12:00,356.8866
2018-09-18 10:13:00,357.46
2018-09-18 10:14:00,357.85
2018-09-18 10:15:00,358.24
2018-09-18 10:16:00,358.32
2018-09-18 10:17:00,358.44
2018-09-18 10:18:00,358.727
2018-09-18 10:19:00,358.48
2018-09-18 10:20:00,358.411
2018-09-18 10:21:00,358.4
2018-09-18 10:22:00,358.4
2018-09-18 10:23:00,358.541
2018-09-18 10:24:00,358.76
2018-09-18 10:25:00,359.0
2018-09-18 10:26:00,359.04
2018-09-18 10:27:00,358.78
2018-09-18 10:28:00,358.8
2018-09-18 10:29:00,358.53
2018-09-18 10:30:00,358.5
2018-09-18 10:31:00,358.44
2018-09-18 10:32:00,357.86
2018-09-18 10:33:00,357.83
2018-09-18 10:34:00,357.72
2018-09-18 10:35:00,357.77
2018-09-18 10:36:00,357.9776
2018-09-18 10:37:00,358.5
2018-09-18 10:38:00,358.36
2018-09-18 10:39:00,358.31
2018-09-18 10:40:00,358.16
2018-09-18 10:41:00,358.1025
2018-09-18 10:42:00,358.645
2018-09-18 10:43:00,358.17
2018-09-18 10:44:00,358.31
2018-09-18 10:45:00,358.175
2018-09-18 10:46:00,358.22
2018-09-18 10:47:00,357.7
2018-09-18 10:48:00,357.8225
2018-09-18 10:49:00,357.93
2018-09-18 10:50:00,358.0668
2018-09-18 10:51:00,357.65
2018-09-18 10:52:00,357.66
2018-09-18 10:53:00,357.51
2018-09-18 10:54:00,357.46
2018-09-18 10:55:00,357.6821
2018-09-18 10:56:00,357.91
2018-09-18 10:57:00,358.08
2018-09-18 10:58:00,358.22
2018-09-18 10:59:00,358.13
2018-09-18 11:00:00,358.65
2018-09-18 11:01:00,358.405
2018-09-18 11:02:00,358.24
2018-09-18 11:03:00,358.02
2018-09-18 11:04:00,358.0
2018-09-18 11:05:00,357.99
2018-09-18 11:06:00,357.99
2018-09-18 11:07:00,358.46
2018-09-18 11:08:00,358.48
2018-09-18 11:09:00,358.39
2018-09-18 11:10:00,358.14
2018-09-18 11:11:00,357.92
2018-09-18 11:12:00,358.1
2018-09-18 11:13:00,358.29
2018-09-18 11:14:00,358.36
2018-09-18 11:15:00,358.34
2018-09-18 11:16:00,358.22
2018-09-18 11:17:00,358.31
2018-09-18 11:18:00,358.25
2018-09-18 11:19:00,358.5062
2018-09-18 11:20:00,359.04
2018-09-18 11:21:00,359.25
2018-09-18 11:22:00,359.1
2018-09-18 11:23:00,359.2486
2018-09-18 11:24:00,359.06
2018-09-18 11:25:00,359.12
2018-09-18 11:26:00,359.2246
2018-09-18 11:28:00,359.3
2018-09-18 11:29:00,359.44
2018-09-18 11:30:00,359.5713
2018-09-18 11:31:00,359.48
2018-09-18 11:32:00,359.3257
2018-09-18 11:33:00,359.6
2018-09-18 11:34:00,359.47
2018-09-18 11:35:00,359.51
2018-09-18 11:36:00,359.435
2018-09-18 11:37:00,359.5
2018-09-18 11:38:00,359.49
2018-09-18 11:39:00,359.7
2018-09-18 11:40:00,359.645
2018-09-18 11:41:00,359.66
2018-09-18 11:42:00,359.58
2018-09-18 11:43:00,359.51
2018-09-18 11:44:00,359.7
2018-09-18 11:45:00,359.8064
2018-09-18 11:46:00,359.7005
2018-09-18 11:47:00,359.6
2018-09-18 11:48:00,359.61
2018-09-18 11:49:00,359.62
2018-09-18 11:50:00,359.51
2018-09-18 11:51:00,359.65
2018-09-18 11:52:00,359.69
2018-09-18 11:53:00,359.64
2018-09-18 11:54:00,359.573
2018-09-18 11:55:00,359.82
2018-09-18 11:56:00,359.75
2018-09-18 11:57:00,359.73
2018-09-18 11:58:00,359.65
2018-09-18 11:59:00,359.63
2018-09-18 12:00:00,359.9
2018-09-18 12:01:00,360.12
2018-09-18 12:02:00,360.049
2018-09-18 12:03:00,360.0762
2018-09-18 12:04:00,360.07
2018-09-18 12:05:00,360.16
2018-09-18 12:06:00,360.39
2018-09-18 12:07:00,360.59
2018-09-18 12:08:00,360.4
2018-09-18 12:09:00,360.3052
2018-09-18 12:10:00,360.72
2018-09-18 12:11:00,360.58
2018-09-18 12:12:00,360.56
2018-09-18 12:13:00,360.46
2018-09-18 12:14:00,360.5756
2018-09-18 12:15:00,360.6541
2018-09-18 12:16:00,360.76
2018-09-18 12:17:00,360.76
2018-09-18 12:18:00,360.56
2018-09-18 12:19:00,360.29
2018-09-18 12:20:00,360.33
2018-09-18 12:21:00,360.16
2018-09-18 12:22:00,360.25
2018-09-18 12:23:00,360.24
2018-09-18 12:24:00,360.12
2018-09-18 12:25:00,360.0
2018-09-18 12:26:00,360.17
2018-09-18 12:27:00,360.1519
2018-09-18 12:28:00,360.21
2018-09-18 12:29:00,360.3
2018-09-18 12:30:00,360.29
2018-09-18 12:31:00,360.2
2018-09-18 12:32:00,360.23
2018-09-18 12:33:00,360.237
2018-09-18 12:34:00,360.2329
2018-09-18 12:35:00,360.36
2018-09-18 12:36:00,360.3999
2018-09-18 12:37:00,360.49
2018-09-18 12:38:00,360.4899
2018-09-18 12:39:00,360.41
2018-09-18 12:40:00,360.55
2018-09-18 12:41:00,360.49
2018-09-18 12:42:00,360.51
2018-09-18 12:43:00,360.4491
2018-09-18 12:44:00,360.49
2018-09-18 12:45:00,360.535
2018-09-18 12:46:00,360.48
2018-09-18 12:47:00,360.31
2018-09-18 12:48:00,360.2802
2018-09-18 12:49:00,360.31
2018-09-18 12:50:00,360.18
2018-09-18 12:51:00,360.37
2018-09-18 12:52:00,360.43
2018-09-18 12:53:00,360.36
2018-09-18 12:54:00,360.31
2018-09-18 12:55:00,360.3006
2018-09-18 12:56:00,360.29
2018-09-18 12:57:00,360.3419
2018-09-18 12:58:00,360.3
2018-09-18 12:59:00,360.2447
2018-09-18 13:00:00,360.32
2018-09-18 13:01:00,360.41
2018-09-18 13:02:00,360.35
2018-09-18 13:03:00,360.425
2018-09-18 13:04:00,360.63
2018-09-18 13:05:00,360.84
2018-09-18 13:06:00,360.751
2018-09-18 13:07:00,360.81
2018-09-18 13:08:00,361.0
2018-09-18 13:09:00,361.075
2018-09-18 13:10:00,361.12
2018-09-18 13:11:00,361.05
2018-09-18 13:12:00,361.29
2018-09-18 13:13:00,361.635
2018-09-18 13:14:00,361.435
2018-09-18 13:15:00,361.6401
2018-09-18 13:16:00,361.655
2018-09-18 13:17:00,361.59
2018-09-18 13:18:00,361.75
2018-09-18 13:19:00,361.68
2018-09-18 13:20:00,361.46
2018-09-18 13:21:00,361.345
2018-09-18 13:22:00,361.5
2018-09-18 13:23:00,361.55
2018-09-18 13:24:00,361.71
2018-09-18 13:25:00,361.67
2018-09-18 13:26:00,361.41
2018-09-18 13:27:00,361.4023
2018-09-18 13:28:00,361.375
2018-09-18 13:29:00,361.35
2018-09-18 13:30:00,361.34
2018-09-18 13:31:00,361.4
2018-09-18 13:32:00,361.4554
2018-09-18 13:33:00,361.35
2018-09-18 13:34:00,361.4258
2018-09-18 13:35:00,361.37
2018-09-18 13:36:00,361.5
2018-09-18 13:37:00,361.5805
2018-09-18 13:38:00,361.71
2018-09-18 13:39:00,361.7146
2018-09-18 13:40:00,361.72
2018-09-18 13:41:00,361.74
2018-09-18 13:42:00,361.7
2018-09-18 13:43:00,361.66
2018-09-18 13:44:00,361.66
2018-09-18 13:45:00,361.6354
2018-09-18 13:46:00,361.67
2018-09-18 13:47:00,361.74
2018-09-18 13:48:00,361.84
2018-09-18 13:49:00,362.2601
2018-09-18 13:50:00,362.73
2018-09-18 13:51:00,362.58
2018-09-18 13:52:00,362.72
2018-09-18 13:53:00,362.79
2018-09-18 13:54:00,362.81
2018-09-18 13:55:00,362.7
2018-09-18 13:56:00,362.81
2018-09-18 13:57:00,362.7
2018-09-18 13:58:00,362.7263
2018-09-18 13:59:00,362.85
2018-09-18 14:00:00,362.815
2018-09-18 14:01:00,362.81
2018-09-18 14:02:00,363.072
2018-09-18 14:03:00,363.38
2018-09-18 14:04:00,363.54
2018-09-18 14:05:00,363.57
2018-09-18 14:06:00,363.57
2018-09-18 14:07:00,363.69
2018-09-18 14:08:00,363.36
2018-09-18 14:09:00,363.1416
2018-09-18 14:10:00,363.385
2018-09-18 14:11:00,363.3515
2018-09-18 14:12:00,363.295
2018-09-18 14:13:00,363.385
2018-09-18 14:14:00,363.47
2018-09-18 14:15:00,363.63
2018-09-18 14:16:00,363.5
2018-09-18 14:17:00,363.57
2018-09-18 14:18:00,363.824
2018-09-18 14:19:00,363.79
2018-09-18 14:20:00,363.79
2018-09-18 14:21:00,363.9
2018-09-18 14:22:00,363.85
2018-09-18 14:23:00,364.2158
2018-09-18 14:24:00,364.065
2018-09-18 14:25:00,364.13
2018-09-18 14:26:00,364.245
2018-09-18 14:27:00,364.33
2018-09-18 14:28:00,364.49
2018-09-18 14:29:00,364.49
2018-09-18 14:30:00,364.645
2018-09-18 14:31:00,364.79
2018-09-18 14:32:00,364.79
2018-09-18 14:33:00,364.865
2018-09-18 14:34:00,364.9
2018-09-18 14:35:00,365.05
2018-09-18 14:36:00,365.04
2018-09-18 14:37:00,364.89
2018-09-18 14:38:00,364.98
2018-09-18 14:39:00,365.1
2018-09-18 14:40:00,365.22
2018-09-18 14:41:00,365.3625
2018-09-18 14:42:00,365.71
2018-09-18 14:43:00,365.42
2018-09-18 14:44:00,365.44
2018-09-18 14:45:00,365.26
2018-09-18 14:46:00,364.86
2018-09-18 14:47:00,365.1041
2018-09-18 14:48:00,365.061
2018-09-18 14:49:00,364.875
2018-09-18 14:50:00,364.74
2018-09-18 14:51:00,364.55
2018-09-18 14:52:00,364.57
2018-09-18 14:53:00,364.3
2018-09-18 14:54:00,364.5834
2018-09-18 14:55:00,364.46
2018-09-18 14:56:00,364.4
2018-09-18 14:57:00,364.58
2018-09-18 14:58:00,364.59
2018-09-18 14:59:00,364.69
2018-09-18 15:00:00,364.7
2018-09-18 15:01:00,364.98
2018-09-18 15:02:00,365.06
2018-09-18 15:03:00,364.94
2018-09-18 15:04:00,364.94
2018-09-18 15:05:00,364.41
2018-09-18 15:06:00,364.23
2018-09-18 15:07:00,364.1045
2018-09-18 15:08:00,364.05
2018-09-18 15:09:00,364.26
2018-09-18 15:10:00,364.17
2018-09-18 15:11:00,364.2
2018-09-18 15:12:00,364.37
2018-09-18 15:13:00,364.26
2018-09-18 15:14:00,364.285
2018-09-18 15:15:00,364.13
2018-09-18 15:16:00,363.85
2018-09-18 15:17:00,363.69
2018-09-18 15:18:00,363.88
2018-09-18 15:19:00,363.99
2018-09-18 15:20:00,364.3
2018-09-18 15:21:00,364.285
2018-09-18 15:22:00,364.43
2018-09-18 15:23:00,364.56
2018-09-18 15:24:00,364.4434
2018-09-18 15:25:00,364.366
2018-09-18 15:26:00,364.58
2018-09-18 15:27:00,364.47
2018-09-18 15:28:00,364.29
2018-09-18 15:29:00,364.25
2018-09-18 15:30:00,364.26
2018-09-18 15:31:00,364.23
2018-09-18 15:32:00,364.18
2018-09-18 15:33:00,363.9866
2018-09-18 15:34:00,363.85
2018-09-18 15:35:00,363.91
2018-09-18 15:36:00,363.95
2018-09-18 15:37:00,364.01
2018-09-18 15:38:00,364.1
2018-09-18 15:39:00,364.16
2018-09-18 15:40:00,364.28
2018-09-18 15:41:00,364.19
2018-09-18 15:42:00,364.03
2018-09-18 15:43:00,364.0542
2018-09-18 15:44:00,364.13
2018-09-18 15:45:00,363.995
2018-09-18 15:46:00,363.99
2018-09-18 15:47:00,363.92
2018-09-18 15:48:00,363.765
2018-09-18 15:49:00,363.6057
2018-09-18 15:50:00,363.261
2018-09-18 15:51:00,363.51
2018-09-18 15:52:00,363.47
2018-09-18 15:53:00,363.5
2018-09-18 15:54:00,363.2701
2018-09-18 15:55:00,363.4
2018-09-18 15:56:00,363.66
2018-09-18 15:57:00,363.67
2018-09-18 15:58:00,363.83
2018-09-18 15:59:00,363.58
2018-09-19 09:30:00,363.41
2018-09-19 09:31:00,364.14
2018-09-19 09:32:00,365.63
2018-09-19 09:33:00,366.1125
2018-09-19 09:34:00,367.0
2018-09-19 09:35:00,367.23
2018-09-19 09:36:00,367.3
2018-09-19 09:37:00,367.0
2018-09-19 09:38:00,366.75
2018-09-19 09:39:00,366.99
2018-09-19 09:40:00,367.13
2018-09-19 09:41:00,367.74
2018-09-19 09:42:00,368.0
2018-09-19 09:43:00,368.51
2018-09-19 09:44:00,368.59
2018-09-19 09:45:00,368.7
2018-09-19 09:46:00,367.92
2018-09-19 09:47:00,367.65
2018-09-19 09:48:00,367.32
2018-09-19 09:49:00,367.365
2018-09-19 09:50:00,368.3
2018-09-19 09:51:00,369.095
2018-09-19 09:52:00,368.78
2018-09-19 09:53:00,368.6964
2018-09-19 09:54:00,368.75
2018-09-19 09:55:00,368.73
2018-09-19 09:56:00,368.73
2018-09-19 09:57:00,369.0832
2018-09-19 09:58:00,369.56
2018-09-19 09:59:00,369.335
2018-09-19 10:00:00,368.35
2018-09-19 10:01:00,367.82
2018-09-19 10:02:00,367.88
2018-09-19 10:03:00,368.2
2018-09-19 10:04:00,368.84
2018-09-19 10:05:00,369.0
2018-09-19 10:06:00,368.62
2018-09-19 10:07:00,368.65
2018-09-19 10:08:00,368.77
2018-09-19 10:09:00,368.8
2018-09-19 10:10:00,368.85
2018-09-19 10:11:00,368.51
2018-09-19 10:12:00,368.091
2018-09-19 10:13:00,368.01
2018-09-19 10:14:00,368.26
2018-09-19 10:15:00,368.024
2018-09-19 10:16:00,368.1
2018-09-19 10:17:00,368.16
2018-09-19 10:18:00,368.29
2018-09-19 10:19:00,368.39
2018-09-19 10:20:00,368.335
2018-09-19 10:21:00,368.0
2018-09-19 10:22:00,367.93
2018-09-19 10:23:00,368.25
2018-09-19 10:24:00,367.98
2018-09-19 10:25:00,368.17
2018-09-19 10:26:00,368.1893
2018-09-19 10:27:00,368.12
2018-09-19 10:28:00,368.25
2018-09-19 10:29:00,368.07
2018-09-19 10:30:00,368.17
2018-09-19 10:31:00,368.17
2018-09-19 10:32:00,368.39
2018-09-19 10:33:00,368.25
2018-09-19 10:34:00,368.35
2018-09-19 10:35:00,368.84
2018-09-19 10:36:00,368.7
2018-09-19 10:37:00,369.15
2018-09-19 10:38:00,369.434
2018-09-19 10:39:00,369.55
2018-09-19 10:40:00,369.8
2018-09-19 10:41:00,369.7549
2018-09-19 10:42:00,369.78
2018-09-19 10:43:00,369.94
2018-09-19 10:44:00,370.2437
2018-09-19 10:45:00,370.51
2018-09-19 10:46:00,370.664
2018-09-19 10:47:00,371.0
2018-09-19 10:48:00,370.9799
2018-09-19 10:49:00,370.8
2018-09-19 10:50:00,370.0
2018-09-19 10:51:00,369.94
2018-09-19 10:52:00,369.77
2018-09-19 10:53:00,369.8048
2018-09-19 10:54:00,370.07
2018-09-19 10:55:00,369.981
2018-09-19 10:56:00,370.39
2018-09-19 10:57:00,369.98
2018-09-19 10:58:00,370.2
2018-09-19 10:59:00,370.37
2018-09-19 11:00:00,370.24
2018-09-19 11:01:00,370.38
2018-09-19 11:02:00,370.468
2018-09-19 11:03:00,370.35
2018-09-19 11:04:00,370.36
2018-09-19 11:05:00,370.447
2018-09-19 11:06:00,370.18
2018-09-19 11:07:00,370.1
2018-09-19 11:08:00,370.14
2018-09-19 11:09:00,370.72
2018-09-19 11:10:00,370.68
2018-09-19 11:11:00,370.34
2018-09-19 11:12:00,370.36
2018-09-19 11:13:00,370.46
2018-09-19 11:14:00,370.4202
2018-09-19 11:15:00,370.44
2018-09-19 11:16:00,369.765
2018-09-19 11:17:00,369.55
2018-09-19 11:18:00,369.21
2018-09-19 11:19:00,369.29
2018-09-19 11:20:00,369.7594
2018-09-19 11:21:00,369.76
2018-09-19 11:22:00,369.76
2018-09-19 11:23:00,369.79
2018-09-19 11:24:00,369.6729
2018-09-19 11:25:00,369.76
2018-09-19 11:26:00,369.765
2018-09-19 11:27:00,369.79
2018-09-19 11:28:00,369.82
2018-09-19 11:29:00,369.96
2018-09-19 11:30:00,369.89
2018-09-19 11:31:00,370.13
2018-09-19 11:32:00,370.71
2018-09-19 11:33:00,370.93
2018-09-19 11:34:00,371.13
2018-09-19 11:35:00,370.79
2018-09-19 11:36:00,370.82
2018-09-19 11:37:00,370.39
2018-09-19 11:38:00,370.47
2018-09-19 11:39:00,370.0
2018-09-19 11:40:00,369.94
2018-09-19 11:41:00,369.63
2018-09-19 11:42:00,369.414
2018-09-19 11:43:00,369.53
2018-09-19 11:44:00,369.6779
2018-09-19 11:45:00,369.44
2018-09-19 11:46:00,369.25
2018-09-19 11:47:00,369.29
2018-09-19 11:49:00,369.32
2018-09-19 11:50:00,369.22
2018-09-19 11:51:00,369.29
2018-09-19 11:52:00,369.3425
2018-09-19 11:53:00,369.27
2018-09-19 11:54:00,369.2
2018-09-19 11:55:00,369.19
2018-09-19 11:56:00,368.97
2018-09-19 11:57:00,369.07
2018-09-19 11:58:00,369.0
2018-09-19 11:59:00,368.85
2018-09-19 12:00:00,368.96
2018-09-19 12:01:00,368.97
2018-09-19 12:02:00,369.35
2018-09-19 12:03:00,369.0882
2018-09-19 12:04:00,369.07
2018-09-19 12:05:00,368.87
2018-09-19 12:06:00,368.89
2018-09-19 12:07:00,368.9
2018-09-19 12:08:00,369.05
2018-09-19 12:09:00,369.26
2018-09-19 12:10:00,369.27
2018-09-19 12:11:00,369.13
2018-09-19 12:12:00,369.15
2018-09-19 12:13:00,369.14
2018-09-19 12:14:00,369.125
2018-09-19 12:15:00,369.37
2018-09-19 12:16:00,369.41
2018-09-19 12:17:00,369.28
2018-09-19 12:18:00,369.42
2018-09-19 12:19:00,369.61
2018-09-19 12:20:00,369.76
2018-09-19 12:21:00,369.65
2018-09-19 12:22:00,369.62
2018-09-19 12:23:00,369.6302
2018-09-19 12:24:00,369.73
2018-09-19 12:25:00,369.9
2018-09-19 12:26:00,369.89
2018-09-19 12:27:00,369.9924
2018-09-19 12:28:00,370.15
2018-09-19 12:29:00,370.23
2018-09-19 12:30:00,369.8997
2018-09-19 12:31:00,370.07
2018-09-19 12:32:00,369.88
2018-09-19 12:33:00,369.77
2018-09-19 12:34:00,369.805
2018-09-19 12:35:00,369.76
2018-09-19 12:36:00,369.7534
2018-09-19 12:37:00,369.4115
2018-09-19 12:38:00,369.49
2018-09-19 12:39:00,369.5
2018-09-19 12:40:00,369.3491
2018-09-19 12:41:00,369.24
2018-09-19 12:42:00,369.17
2018-09-19 12:43:00,369.82
2018-09-19 12:44:00,369.92
2018-09-19 12:45:00,369.77
2018-09-19 12:46:00,369.61
2018-09-19 12:47:00,369.56
2018-09-19 12:48:00,369.73
2018-09-19 12:49:00,369.9154
2018-09-19 12:50:00,370.1
2018-09-19 12:51:00,370.12
2018-09-19 12:52:00,370.13
2018-09-19 12:53:00,370.06
2018-09-19 12:54:00,370.04
2018-09-19 12:55:00,370.139
2018-09-19 12:56:00,370.25
2018-09-19 12:57:00,370.27
2018-09-19 12:58:00,370.319
2018-09-19 12:59:00,370.465
2018-09-19 13:00:00,370.65
2018-09-19 13:01:00,370.57
2018-09-19 13:02:00,370.64
2018-09-19 13:03:00,370.67
2018-09-19 13:04:00,370.74
2018-09-19 13:05:00,370.7901
2018-09-19 13:06:00,370.76
2018-09-19 13:07:00,370.7
2018-09-19 13:08:00,370.72
2018-09-19 13:09:00,370.7
2018-09-19 13:10:00,370.79
2018-09-19 13:11:00,370.86
2018-09-19 13:12:00,370.795
2018-09-19 13:13:00,370.74
2018-09-19 13:14:00,370.86
2018-09-19 13:15:00,370.94
2018-09-19 13:16:00,371.1
2018-09-19 13:17:00,370.9
2018-09-19 13:18:00,371.02
2018-09-19 13:19:00,370.975
2018-09-19 13:20:00,370.97
2018-09-19 13:21:00,371.02
2018-09-19 13:22:00,370.78
2018-09-19 13:23:00,370.73
2018-09-19 13:24:00,370.8
2018-09-19 13:25:00,370.765
2018-09-19 13:26:00,370.73
2018-09-19 13:27:00,370.71
2018-09-19 13:28:00,370.82
2018-09-19 13:29:00,370.759
2018-09-19 13:30:00,370.34
2018-09-19 13:31:00,370.09
2018-09-19 13:32:00,370.0781
2018-09-19 13:33:00,370.0541
2018-09-19 13:34:00,369.63
2018-09-19 13:35:00,369.63
2018-09-19 13:36:00,369.644
2018-09-19 13:37:00,369.74
2018-09-19 13:38:00,369.4901
2018-09-19 13:39:00,369.54
2018-09-19 13:40:00,369.69
2018-09-19 13:41:00,369.44
2018-09-19 13:42:00,369.29
2018-09-19 13:43:00,369.49
2018-09-19 13:44:00,369.49
2018-09-19 13:45:00,369.45
2018-09-19 13:46:00,369.41
2018-09-19 13:47:00,369.245
2018-09-19 13:48:00,369.35
2018-09-19 13:49:00,369.38
2018-09-19 13:50:00,369.5
2018-09-19 13:51:00,369.63
2018-09-19 13:52:00,369.58
2018-09-19 13:53:00,369.6201
2018-09-19 13:54:00,369.74
2018-09-19 13:55:00,369.74
2018-09-19 13:56:00,369.94
2018-09-19 13:57:00,370.06
2018-09-19 13:58:00,369.98
2018-09-19 13:59:00,369.905
2018-09-19 14:00:00,369.87
2018-09-19 14:01:00,369.96
2018-09-19 14:02:00,369.97
2018-09-19 14:03:00,369.9
2018-09-19 14:04:00,370.06
2018-09-19 14:05:00,369.95
2018-09-19 14:06:00,369.995
2018-09-19 14:07:00,370.08
2018-09-19 14:08:00,370.05
2018-09-19 14:09:00,369.99
2018-09-19 14:10:00,369.95
2018-09-19 14:11:00,369.87
2018-09-19 14:12:00,369.885
2018-09-19 14:13:00,369.87
2018-09-19 14:14:00,369.9
2018-09-19 14:15:00,369.87
2018-09-19 14:16:00,369.82
2018-09-19 14:17:00,369.77
2018-09-19 14:18:00,369.7521
2018-09-19 14:19:00,369.79
2018-09-19 14:20:00,369.655
2018-09-19 14:21:00,369.74
2018-09-19 14:22:00,369.49
2018-09-19 14:23:00,369.5179
2018-09-19 14:24:00,369.45
2018-09-19 14:25:00,369.3
2018-09-19 14:26:00,369.24
2018-09-19 14:27:00,369.25
2018-09-19 14:28:00,368.85
2018-09-19 14:29:00,368.63
2018-09-19 14:30:00,368.44
2018-09-19 14:31:00,368.43
2018-09-19 14:32:00,368.37
2018-09-19 14:33:00,368.21
2018-09-19 14:34:00,367.9
2018-09-19 14:35:00,368.02
2018-09-19 14:36:00,367.72
2018-09-19 14:37:00,367.46
2018-09-19 14:38:00,367.7328
2018-09-19 14:39:00,367.7847
2018-09-19 14:40:00,367.48
2018-09-19 14:41:00,367.38
2018-09-19 14:42:00,367.49
2018-09-19 14:43:00,367.8
2018-09-19 14:44:00,367.68
2018-09-19 14:45:00,367.86
2018-09-19 14:46:00,367.5898
2018-09-19 14:47:00,367.695
2018-09-19 14:48:00,367.44
2018-09-19 14:49:00,367.35
2018-09-19 14:50:00,367.59
2018-09-19 14:51:00,367.48
2018-09-19 14:52:00,367.17
2018-09-19 14:53:00,367.32
2018-09-19 14:54:00,367.17
2018-09-19 14:55:00,367.1
2018-09-19 14:56:00,367.055
2018-09-19 14:57:00,366.785
2018-09-19 14:58:00,366.53
2018-09-19 14:59:00,366.08
2018-09-19 15:00:00,366.255
2018-09-19 15:01:00,366.28
2018-09-19 15:02:00,366.0
2018-09-19 15:03:00,366.0347
2018-09-19 15:04:00,366.18
2018-09-19 15:05:00,366.25
2018-09-19 15:06:00,366.03
2018-09-19 15:07:00,365.96
2018-09-19 15:08:00,365.94
2018-09-19 15:09:00,365.6934
2018-09-19 15:10:00,365.43
2018-09-19 15:11:00,365.48
2018-09-19 15:12:00,365.53
2018-09-19 15:13:00,365.49
2018-09-19 15:14:00,365.39
2018-09-19 15:15:00,365.44
2018-09-19 15:16:00,365.4
2018-09-19 15:17:00,365.43
2018-09-19 15:18:00,365.51
2018-09-19 15:19:00,365.45
2018-09-19 15:20:00,365.54
2018-09-19 15:21:00,365.7517
2018-09-19 15:22:00,365.62
2018-09-19 15:23:00,365.625
2018-09-19 15:24:00,365.675
2018-09-19 15:25:00,365.77
2018-09-19 15:26:00,365.79
2018-09-19 15:27:00,365.89
2018-09-19 15:28:00,365.7
2018-09-19 15:29:00,365.5999
2018-09-19 15:30:00,365.82
2018-09-19 15:31:00,365.84
2018-09-19 15:32:00,365.77
2018-09-19 15:33:00,365.77
2018-09-19 15:34:00,365.555
2018-09-19 15:35:00,365.52
2018-09-19 15:36:00,365.73
2018-09-19 15:37:00,365.67
2018-09-19 15:38:00,365.8
2018-09-19 15:39:00,365.77
2018-09-19 15:40:00,365.73
2018-09-19 15:41:00,365.78
2018-09-19 15:42:00,365.66
2018-09-19 15:43:00,365.7
2018-09-19 15:44:00,365.6
2018-09-19 15:45:00,365.42
2018-09-19 15:46:00,365.31
2018-09-19 15:47:00,365.1746
2018-09-19 15:48:00,365.24
2018-09-19 15:49:00,365.12
2018-09-19 15:50:00,365.2
2018-09-19 15:51:00,365.39
2018-09-19 15:52:00,365.5
2018-09-19 15:53:00,365.465
2018-09-19 15:54:00,365.37
2018-09-19 15:55:00,365.42
2018-09-19 15:56:00,365.3
2018-09-19 15:57:00,365.17
2018-09-19 15:58:00,365.245
2018-09-19 15:59:00,365.3
2018-09-20 09:31:00,370.25
2018-09-20 09:32:00,370.4
2018-09-20 09:33:00,369.07
2018-09-20 09:34:00,369.7592
2018-09-20 09:35:00,369.91
2018-09-20 09:36:00,369.217
2018-09-20 09:37:00,369.44
2018-09-20 09:38:00,369.215
2018-09-20 09:39:00,368.56
2018-09-20 09:40:00,368.75
2018-09-20 09:41:00,368.165
2018-09-20 09:42:00,368.28
2018-09-20 09:43:00,367.13
2018-09-20 09:44:00,366.1
2018-09-20 09:45:00,366.5102
2018-09-20 09:46:00,367.7
2018-09-20 09:47:00,367.4
2018-09-20 09:48:00,367.53
2018-09-20 09:49:00,367.95
2018-09-20 09:50:00,367.82
2018-09-20 09:51:00,367.77
2018-09-20 09:52:00,367.725
2018-09-20 09:53:00,368.14
2018-09-20 09:54:00,368.68
2018-09-20 09:55:00,368.9
2018-09-20 09:56:00,369.5634
2018-09-20 09:57:00,369.59
2018-09-20 09:58:00,369.13
2018-09-20 09:59:00,369.35
2018-09-20 10:00:00,369.47
2018-09-20 10:01:00,369.68
2018-09-20 10:02:00,369.49
2018-09-20 10:03:00,369.41
2018-09-20 10:04:00,369.55
2018-09-20 10:05:00,369.47
2018-09-20 10:06:00,369.665
2018-09-20 10:07:00,369.6
2018-09-20 10:08:00,369.64
2018-09-20 10:09:00,369.62
2018-09-20 10:10:00,369.56
2018-09-20 10:11:00,369.58
2018-09-20 10:12:00,369.5828
2018-09-20 10:13:00,369.13
2018-09-20 10:14:00,369.41
2018-09-20 10:15:00,369.57
2018-09-20 10:16:00,369.38
2018-09-20 10:17:00,368.9106
2018-09-20 10:18:00,368.81
2018-09-20 10:19:00,369.2612
2018-09-20 10:20:00,369.32
2018-09-20 10:21:00,369.35
2018-09-20 10:22:00,369.27
2018-09-20 10:23:00,369.47
2018-09-20 10:24:00,369.38
2018-09-20 10:25:00,369.2
2018-09-20 10:26:00,368.85
2018-09-20 10:27:00,368.6
2018-09-20 10:28:00,368.4492
2018-09-20 10:29:00,368.03
2018-09-20 10:30:00,367.93
2018-09-20 10:31:00,368.1799
2018-09-20 10:32:00,368.1901
2018-09-20 10:33:00,368.39
2018-09-20 10:34:00,368.265
2018-09-20 10:35:00,368.54
2018-09-20 10:36:00,368.32
2018-09-20 10:37:00,368.62
2018-09-20 10:38:00,368.97
2018-09-20 10:39:00,368.7547
2018-09-20 10:40:00,369.321
2018-09-20 10:41:00,369.19
2018-09-20 10:42:00,369.7
2018-09-20 10:43:00,369.78
2018-09-20 10:44:00,369.59
2018-09-20 10:45:00,369.65
2018-09-20 10:46:00,369.8387
2018-09-20 10:47:00,369.66
2018-09-20 10:48:00,369.945
2018-09-20 10:49:00,370.17
2018-09-20 10:50:00,370.13
2018-09-20 10:51:00,369.85
2018-09-20 10:52:00,369.41
2018-09-20 10:53:00,369.77
2018-09-20 10:54:00,369.75
2018-09-20 10:55:00,369.72
2018-09-20 10:56:00,369.59
2018-09-20 10:57:00,370.0
2018-09-20 10:58:00,369.7695
2018-09-20 10:59:00,369.82
2018-09-20 11:00:00,370.04
2018-09-20 11:01:00,369.99
2018-09-20 11:02:00,370.0
2018-09-20 11:03:00,369.92
2018-09-20 11:04:00,370.05
2018-09-20 11:05:00,370.0609
2018-09-20 11:06:00,369.98
2018-09-20 11:07:00,370.2301
2018-09-20 11:08:00,370.17
2018-09-20 11:09:00,369.7
2018-09-20 11:10:00,369.775
2018-09-20 11:11:00,369.73
2018-09-20 11:12:00,369.59
2018-09-20 11:13:00,369.46
2018-09-20 11:14:00,369.4519
2018-09-20 11:15:00,369.32
2018-09-20 11:16:00,369.22
2018-09-20 11:17:00,369.48
2018-09-20 11:18:00,369.78
2018-09-20 11:19:00,369.55
2018-09-20 11:20:00,369.28
2018-09-20 11:21:00,369.52
2018-09-20 11:22:00,369.7
2018-09-20 11:23:00,369.74
2018-09-20 11:24:00,369.71
2018-09-20 11:25:00,369.96
2018-09-20 11:26:00,369.86
2018-09-20 11:27:00,369.7801
2018-09-20 11:28:00,370.0
2018-09-20 11:29:00,370.13
2018-09-20 11:30:00,370.03
2018-09-20 11:31:00,369.79
2018-09-20 11:32:00,369.87
2018-09-20 11:33:00,369.74
2018-09-20 11:34:00,369.13
2018-09-20 11:35:00,369.1
2018-09-20 11:36:00,368.72
2018-09-20 11:37:00,368.45
2018-09-20 11:38:00,368.46
2018-09-20 11:39:00,368.3
2018-09-20 11:40:00,368.59
2018-09-20 11:41:00,368.69
2018-09-20 11:42:00,368.45
2018-09-20 11:43:00,368.24
2018-09-20 11:44:00,368.308
2018-09-20 11:45:00,368.5834
2018-09-20 11:46:00,368.5
2018-09-20 11:47:00,368.26
2018-09-20 11:48:00,368.31
2018-09-20 11:49:00,368.4002
2018-09-20 11:50:00,368.53
2018-09-20 11:51:00,368.8384
2018-09-20 11:52:00,368.79
2018-09-20 11:53:00,368.73
2018-09-20 11:54:00,368.74
2018-09-20 11:55:00,368.9943
2018-09-20 11:56:00,369.0
2018-09-20 11:57:00,368.97
2018-09-20 11:58:00,369.17
2018-09-20 11:59:00,369.19
2018-09-20 12:00:00,369.22
2018-09-20 12:01:00,369.01
2018-09-20 12:02:00,369.11
2018-09-20 12:03:00,368.935
2018-09-20 12:04:00,369.05
2018-09-20 12:05:00,369.04
2018-09-20 12:06:00,369.3487
2018-09-20 12:07:00,369.31
2018-09-20 12:08:00,369.2194
2018-09-20 12:09:00,369.13
2018-09-20 12:10:00,369.0
2018-09-20 12:11:00,368.9294
2018-09-20 12:12:00,369.1725
2018-09-20 12:13:00,369.27
2018-09-20 12:14:00,369.3185
2018-09-20 12:15:00,369.37
2018-09-20 12:16:00,369.24
2018-09-20 12:17:00,369.21
2018-09-20 12:18:00,369.34
2018-09-20 12:19:00,369.4212
2018-09-20 12:20:00,369.4535
2018-09-20 12:21:00,369.63
2018-09-20 12:22:00,369.39
2018-09-20 12:23:00,369.44
2018-09-20 12:24:00,369.33
2018-09-20 12:25:00,369.4
2018-09-20 12:26:00,369.34
2018-09-20 12:27:00,369.32
2018-09-20 12:28:00,369.2799
2018-09-20 12:29:00,369.0904
2018-09-20 12:30:00,369.03
2018-09-20 12:31:00,369.015
2018-09-20 12:32:00,369.17
2018-09-20 12:33:00,369.25
2018-09-20 12:34:00,369.165
2018-09-20 12:35:00,369.33
2018-09-20 12:36:00,369.45
2018-09-20 12:37:00,369.54
2018-09-20 12:38:00,369.64
2018-09-20 12:39:00,369.75
2018-09-20 12:40:00,369.76
2018-09-20 12:41:00,369.496
2018-09-20 12:42:00,369.66
2018-09-20 12:43:00,369.55
2018-09-20 12:44:00,369.7006
2018-09-20 12:45:00,369.635
2018-09-20 12:46:00,369.59
2018-09-20 12:47:00,369.545
2018-09-20 12:48:00,369.64
2018-09-20 12:49:00,369.74
2018-09-20 12:50:00,369.62
2018-09-20 12:51:00,369.7472
2018-09-20 12:52:00,369.62
2018-09-20 12:53:00,369.57
2018-09-20 12:54:00,369.64
2018-09-20 12:55:00,369.3
2018-09-20 12:56:00,369.36
2018-09-20 12:57:00,369.35
2018-09-20 12:58:00,369.3929
2018-09-20 12:59:00,369.32
2018-09-20 13:00:00,369.49
2018-09-20 13:01:00,369.45
2018-09-20 13:02:00,369.49
2018-09-20 13:03:00,369.42
2018-09-20 13:04:00,369.35
2018-09-20 13:05:00,369.41
2018-09-20 13:06:00,369.58
2018-09-20 13:07:00,369.55
2018-09-20 13:08:00,369.44
2018-09-20 13:09:00,369.442
2018-09-20 13:10:00,369.53
2018-09-20 13:11:00,369.65
2018-09-20 13:12:00,369.62
2018-09-20 13:13:00,369.55
2018-09-20 13:14:00,369.5
2018-09-20 13:15:00,369.57
2018-09-20 13:16:00,369.5065
2018-09-20 13:17:00,369.5222
2018-09-20 13:18:00,369.575
2018-09-20 13:19:00,369.5
2018-09-20 13:20:00,369.43
2018-09-20 13:21:00,369.33
2018-09-20 13:22:00,368.78
2018-09-20 13:23:00,368.4045
2018-09-20 13:24:00,368.6
2018-09-20 13:25:00,368.74
2018-09-20 13:26:00,368.35
2018-09-20 13:27:00,368.0601
2018-09-20 13:28:00,367.71
2018-09-20 13:29:00,367.6352
2018-09-20 13:30:00,367.4074
2018-09-20 13:31:00,367.42
2018-09-20 13:32:00,367.15
2018-09-20 13:33:00,367.24
2018-09-20 13:34:00,367.58
2018-09-20 13:35:00,367.685
2018-09-20 13:36:00,367.72
2018-09-20 13:37:00,367.64
2018-09-20 13:38:00,367.26
2018-09-20 13:39:00,366.79
2018-09-20 13:40:00,366.84
2018-09-20 13:41:00,367.1
2018-09-20 13:42:00,367.24
2018-09-20 13:43:00,367.26
2018-09-20 13:44:00,367.2022
2018-09-20 13:45:00,367.13
2018-09-20 13:46:00,366.96
2018-09-20 13:47:00,367.09
2018-09-20 13:48:00,366.885
2018-09-20 13:49:00,367.06
2018-09-20 13:50:00,367.25
2018-09-20 13:51:00,367.19
2018-09-20 13:52:00,366.82
2018-09-20 13:53:00,366.85
2018-09-20 13:54:00,367.03
2018-09-20 13:55:00,367.035
2018-09-20 13:56:00,366.95
2018-09-20 13:57:00,367.05
2018-09-20 13:58:00,367.02
2018-09-20 13:59:00,366.83
2018-09-20 14:00:00,366.93
2018-09-20 14:01:00,367.01
2018-09-20 14:02:00,366.81
2018-09-20 14:03:00,366.52
2018-09-20 14:04:00,366.4615
2018-09-20 14:05:00,366.47
2018-09-20 14:06:00,366.5234
2018-09-20 14:07:00,366.08
2018-09-20 14:08:00,366.13
2018-09-20 14:09:00,366.06
2018-09-20 14:10:00,366.17
2018-09-20 14:11:00,366.0
2018-09-20 14:12:00,366.07
2018-09-20 14:13:00,365.85
2018-09-20 14:14:00,365.81
2018-09-20 14:15:00,366.03
2018-09-20 14:16:00,365.8201
2018-09-20 14:17:00,365.8765
2018-09-20 14:18:00,365.95
2018-09-20 14:19:00,365.8924
2018-09-20 14:20:00,365.85
2018-09-20 14:21:00,365.98
2018-09-20 14:22:00,366.11
2018-09-20 14:23:00,366.095
2018-09-20 14:24:00,366.5
2018-09-20 14:25:00,366.5
2018-09-20 14:26:00,366.681
2018-09-20 14:27:00,366.63
2018-09-20 14:28:00,366.88
2018-09-20 14:29:00,366.98
2018-09-20 14:30:00,366.94
2018-09-20 14:31:00,367.0
2018-09-20 14:32:00,366.85
2018-09-20 14:33:00,366.8468
2018-09-20 14:34:00,366.91
2018-09-20 14:35:00,366.96
2018-09-20 14:36:00,366.905
2018-09-20 14:37:00,366.86
2018-09-20 14:38:00,367.055
2018-09-20 14:39:00,366.92
2018-09-20 14:40:00,366.82
2018-09-20 14:41:00,366.73
2018-09-20 14:42:00,366.45
2018-09-20 14:43:00,366.58
2018-09-20 14:44:00,366.7935
2018-09-20 14:45:00,367.16
2018-09-20 14:46:00,367.26
2018-09-20 14:47:00,367.34
2018-09-20 14:48:00,367.645
2018-09-20 14:49:00,368.0
2018-09-20 14:50:00,367.82
2018-09-20 14:51:00,367.8599
2018-09-20 14:52:00,367.8
2018-09-20 14:53:00,367.8209
2018-09-20 14:54:00,367.71
2018-09-20 14:55:00,367.78
2018-09-20 14:56:00,367.74
2018-09-20 14:57:00,367.74
2018-09-20 14:58:00,367.78
2018-09-20 14:59:00,367.8
2018-09-20 15:00:00,367.725
2018-09-20 15:01:00,368.1
2018-09-20 15:02:00,367.83
2018-09-20 15:03:00,367.9709
2018-09-20 15:04:00,367.87
2018-09-20 15:05:00,368.08
2018-09-20 15:06:00,368.25
2018-09-20 15:07:00,368.14
2018-09-20 15:08:00,367.96
2018-09-20 15:09:00,367.922
2018-09-20 15:10:00,367.87
2018-09-20 15:11:00,367.84
2018-09-20 15:12:00,367.88
2018-09-20 15:13:00,368.0464
2018-09-20 15:14:00,368.12
2018-09-20 15:15:00,368.27
2018-09-20 15:16:00,368.44
2018-09-20 15:17:00,368.45
2018-09-20 15:18:00,368.53
2018-09-20 15:19:00,368.5132
2018-09-20 15:20:00,368.27
2018-09-20 15:21:00,368.47
2018-09-20 15:22:00,368.53
2018-09-20 15:23:00,368.3
2018-09-20 15:24:00,368.17
2018-09-20 15:25:00,368.01
2018-09-20 15:26:00,367.67
2018-09-20 15:27:00,367.7147
2018-09-20 15:28:00,367.75
2018-09-20 15:29:00,367.74
2018-09-20 15:30:00,367.63
2018-09-20 15:31:00,367.65
2018-09-20 15:32:00,367.5054
2018-09-20 15:33:00,367.48
2018-09-20 15:34:00,367.445
2018-09-20 15:35:00,367.575
2018-09-20 15:36:00,367.5875
2018-09-20 15:37:00,367.53
2018-09-20 15:38:00,367.356
2018-09-20 15:39:00,367.2225
2018-09-20 15:40:00,367.09
2018-09-20 15:41:00,367.255
2018-09-20 15:42:00,367.3
2018-09-20 15:43:00,367.001
2018-09-20 15:44:00,367.0
2018-09-20 15:45:00,367.11
2018-09-20 15:46:00,367.29
2018-09-20 15:47:00,367.3851
2018-09-20 15:48:00,367.28
2018-09-20 15:49:00,367.21
2018-09-20 15:50:00,367.28
2018-09-20 15:51:00,367.28
2018-09-20 15:52:00,367.33
2018-09-20 15:53:00,367.28
2018-09-20 15:54:00,367.4
2018-09-20 15:55:00,367.52
2018-09-20 15:56:00,367.58
2018-09-20 15:57:00,367.52
2018-09-20 15:58:00,367.5175
2018-09-20 15:59:00,367.73
2018-09-21 09:30:00,369.9
2018-09-21 09:31:00,369.4
2018-09-21 09:32:00,369.3274
2018-09-21 09:33:00,368.2
2018-09-21 09:34:00,366.265
2018-09-21 09:35:00,367.18
2018-09-21 09:36:00,367.31
2018-09-21 09:37:00,366.93
2018-09-21 09:38:00,366.41
2018-09-21 09:39:00,366.92
2018-09-21 09:40:00,367.29
2018-09-21 09:41:00,366.78
2018-09-21 09:42:00,367.0
2018-09-21 09:43:00,366.73
2018-09-21 09:44:00,366.67
2018-09-21 09:45:00,366.7
2018-09-21 09:46:00,367.08
2018-09-21 09:47:00,367.0
2018-09-21 09:48:00,367.1
2018-09-21 09:49:00,367.3
2018-09-21 09:50:00,367.51
2018-09-21 09:51:00,368.01
2018-09-21 09:52:00,368.15
2018-09-21 09:53:00,368.8
2018-09-21 09:54:00,368.61
2018-09-21 09:55:00,368.43
2018-09-21 09:56:00,367.85
2018-09-21 09:57:00,368.16
2018-09-21 09:58:00,368.66
2018-09-21 09:59:00,368.42
2018-09-21 10:00:00,368.1922
2018-09-21 10:01:00,367.67
2018-09-21 10:02:00,367.6
2018-09-21 10:03:00,367.66
2018-09-21 10:04:00,367.6
2018-09-21 10:05:00,367.91
2018-09-21 10:06:00,367.92
2018-09-21 10:07:00,367.91
2018-09-21 10:08:00,367.95
2018-09-21 10:09:00,367.955
2018-09-21 10:10:00,368.2185
2018-09-21 10:11:00,368.05
2018-09-21 10:12:00,368.02
2018-09-21 10:13:00,368.08
2018-09-21 10:14:00,368.27
2018-09-21 10:15:00,368.29
2018-09-21 10:16:00,368.345
2018-09-21 10:18:00,368.47
2018-09-21 10:19:00,368.3
2018-09-21 10:20:00,368.1177
2018-09-21 10:21:00,368.13
2018-09-21 10:22:00,368.13
2018-09-21 10:23:00,367.95
2018-09-21 10:24:00,367.92
2018-09-21 10:25:00,367.8
2018-09-21 10:26:00,367.878
2018-09-21 10:27:00,367.94
2018-09-21 10:28:00,368.1
2018-09-21 10:29:00,367.91
2018-09-21 10:30:00,367.63
2018-09-21 10:31:00,367.89
2018-09-21 10:32:00,368.074
2018-09-21 10:33:00,367.98
2018-09-21 10:34:00,368.08
2018-09-21 10:35:00,368.25
2018-09-21 10:36:00,368.29
2018-09-21 10:37:00,368.49
2018-09-21 10:38:00,368.46
2018-09-21 10:39:00,368.41
2018-09-21 10:40:00,368.4275
2018-09-21 10:41:00,368.4999
2018-09-21 10:42:00,368.4021
2018-09-21 10:43:00,368.75
2018-09-21 10:44:00,368.64
2018-09-21 10:45:00,368.68
2018-09-21 10:46:00,368.616
2018-09-21 10:47:00,368.7552
2018-09-21 10:48:00,368.61
2018-09-21 10:49:00,368.8178
2018-09-21 10:50:00,368.89
2018-09-21 10:51:00,368.63
2018-09-21 10:52:00,368.81
2018-09-21 10:53:00,368.73
2018-09-21 10:54:00,368.51
2018-09-21 10:55:00,368.2961
2018-09-21 10:56:00,368.63
2018-09-21 10:57:00,368.72
2018-09-21 10:58:00,368.81
2018-09-21 10:59:00,368.595
2018-09-21 11:00:00,368.78
2018-09-21 11:01:00,368.87
2018-09-21 11:02:00,368.63
2018-09-21 11:03:00,368.66
2018-09-21 11:04:00,368.5
2018-09-21 11:05:00,368.66
2018-09-21 11:06:00,368.6785
2018-09-21 11:07:00,368.64
2018-09-21 11:08:00,368.8325
2018-09-21 11:09:00,369.01
2018-09-21 11:10:00,369.3
2018-09-21 11:11:00,369.61
2018-09-21 11:12:00,369.8775
2018-09-21 11:13:00,370.18
2018-09-21 11:14:00,370.31
2018-09-21 11:15:00,370.56
2018-09-21 11:16:00,370.765
2018-09-21 11:17:00,371.33
2018-09-21 11:18:00,370.6
2018-09-21 11:19:00,370.6568
2018-09-21 11:20:00,370.32
2018-09-21 11:21:00,370.47
2018-09-21 11:22:00,370.45
2018-09-21 11:23:00,370.62
2018-09-21 11:24:00,370.84
2018-09-21 11:25:00,370.89
2018-09-21 11:26:00,370.7596
2018-09-21 11:27:00,371.0
2018-09-21 11:28:00,371.03
2018-09-21 11:29:00,371.29
2018-09-21 11:30:00,371.24
2018-09-21 11:31:00,371.295
2018-09-21 11:32:00,371.38
2018-09-21 11:33:00,371.45
2018-09-21 11:34:00,371.0
2018-09-21 11:35:00,370.925
2018-09-21 11:36:00,371.1096
2018-09-21 11:37:00,371.11
2018-09-21 11:38:00,370.69
2018-09-21 11:39:00,371.12
2018-09-21 11:40:00,371.16
2018-09-21 11:41:00,371.04
2018-09-21 11:42:00,371.01
2018-09-21 11:43:00,371.3301
2018-09-21 11:44:00,371.2467
2018-09-21 11:45:00,371.41
2018-09-21 11:46:00,371.49
2018-09-21 11:47:00,371.5
2018-09-21 11:48:00,371.5
2018-09-21 11:49:00,371.86
2018-09-21 11:50:00,371.9161
2018-09-21 11:51:00,372.025
2018-09-21 11:52:00,372.2501
2018-09-21 11:53:00,372.24
2018-09-21 11:54:00,372.11
2018-09-21 11:55:00,372.29
2018-09-21 11:56:00,372.11
2018-09-21 11:57:00,372.42
2018-09-21 11:58:00,372.48
2018-09-21 11:59:00,372.425
2018-09-21 12:00:00,372.41
2018-09-21 12:01:00,372.01
2018-09-21 12:02:00,371.87
2018-09-21 12:03:00,371.8358
2018-09-21 12:04:00,371.94
2018-09-21 12:05:00,372.11
2018-09-21 12:06:00,372.005
2018-09-21 12:07:00,372.17
2018-09-21 12:08:00,372.16
2018-09-21 12:09:00,372.2295
2018-09-21 12:10:00,372.16
2018-09-21 12:11:00,372.2
2018-09-21 12:12:00,372.26
2018-09-21 12:13:00,372.32
2018-09-21 12:14:00,372.235
2018-09-21 12:15:00,372.2332
2018-09-21 12:16:00,371.811
2018-09-21 12:17:00,371.54
2018-09-21 12:18:00,371.63
2018-09-21 12:19:00,371.49
2018-09-21 12:20:00,371.24
2018-09-21 12:21:00,371.41
2018-09-21 12:22:00,371.0995
2018-09-21 12:23:00,371.3295
2018-09-21 12:24:00,371.42
2018-09-21 12:25:00,371.1028
2018-09-21 12:26:00,371.03
2018-09-21 12:27:00,371.0595
2018-09-21 12:28:00,370.87
2018-09-21 12:29:00,370.8
2018-09-21 12:30:00,370.83
2018-09-21 12:31:00,370.69
2018-09-21 12:32:00,370.57
2018-09-21 12:33:00,370.8
2018-09-21 12:34:00,370.86
2018-09-21 12:35:00,370.815
2018-09-21 12:36:00,370.46
2018-09-21 12:37:00,370.44
2018-09-21 12:38:00,370.57
2018-09-21 12:39:00,370.37
2018-09-21 12:40:00,370.41
2018-09-21 12:41:00,370.6
2018-09-21 12:42:00,370.67
2018-09-21 12:43:00,370.48
2018-09-21 12:44:00,370.12
2018-09-21 12:45:00,370.257
2018-09-21 12:46:00,370.425
2018-09-21 12:47:00,370.31
2018-09-21 12:48:00,370.46
2018-09-21 12:49:00,370.44
2018-09-21 12:50:00,370.3205
2018-09-21 12:51:00,370.39
2018-09-21 12:52:00,370.47
2018-09-21 12:53:00,370.46
2018-09-21 12:54:00,370.67
2018-09-21 12:55:00,370.6451
2018-09-21 12:56:00,370.52
2018-09-21 12:57:00,370.4978
2018-09-21 12:58:00,370.47
2018-09-21 12:59:00,370.47
2018-09-21 13:00:00,370.58
2018-09-21 13:01:00,370.61
2018-09-21 13:02:00,370.73
2018-09-21 13:03:00,370.595
2018-09-21 13:04:00,370.73
2018-09-21 13:05:00,370.87
2018-09-21 13:06:00,370.8
2018-09-21 13:07:00,370.91
2018-09-21 13:08:00,370.87
2018-09-21 13:09:00,370.8541
2018-09-21 13:10:00,370.93
2018-09-21 13:11:00,370.8
2018-09-21 13:12:00,371.2
2018-09-21 13:13:00,371.25
2018-09-21 13:14:00,371.2
2018-09-21 13:15:00,371.37
2018-09-21 13:16:00,371.4635
2018-09-21 13:17:00,371.52
2018-09-21 13:18:00,371.42
2018-09-21 13:19:00,371.36
2018-09-21 13:20:00,371.25
2018-09-21 13:21:00,371.19
2018-09-21 13:22:00,371.07
2018-09-21 13:23:00,371.27
2018-09-21 13:24:00,371.2
2018-09-21 13:25:00,371.18
2018-09-21 13:26:00,371.16
2018-09-21 13:27:00,371.17
