2018-09-17 09:30:00,63.47
2018-09-17 09:32:00,63.44
2018-09-17 09:34:00,63.33
2018-09-17 09:35:00,63.33
2018-09-17 09:36:00,63.26
2018-09-17 09:39:00,63.36
2018-09-17 09:40:00,63.39
2018-09-17 09:41:00,63.49
2018-09-17 09:42:00,63.445
2018-09-17 09:43:00,63.4434
2018-09-17 09:44:00,63.39
2018-09-17 09:46:00,63.42
2018-09-17 09:47:00,63.33
2018-09-17 09:49:00,63.43
2018-09-17 09:50:00,63.46
2018-09-17 09:52:00,63.4
2018-09-17 09:53:00,63.41
2018-09-17 09:55:00,63.44
2018-09-17 09:56:00,63.52
2018-09-17 09:57:00,63.53
2018-09-17 09:58:00,63.505
2018-09-17 09:59:00,63.53
2018-09-17 10:00:00,63.59
2018-09-17 10:01:00,63.62
2018-09-17 10:03:00,63.67
2018-09-17 10:04:00,63.658
2018-09-17 10:06:00,63.71
2018-09-17 10:07:00,63.69
2018-09-17 10:09:00,63.748
2018-09-17 10:10:00,63.74
2018-09-17 10:11:00,63.77
2018-09-17 10:13:00,63.65
2018-09-17 10:14:00,63.64
2018-09-17 10:15:00,63.63
2018-09-17 10:17:00,63.67
2018-09-17 10:18:00,63.62
2018-09-17 10:19:00,63.66
2018-09-17 10:20:00,63.59
2018-09-17 10:22:00,63.56
2018-09-17 10:23:00,63.59
2018-09-17 10:25:00,63.555
2018-09-17 10:26:00,63.61
2018-09-17 10:29:00,63.57
2018-09-17 10:30:00,63.59
2018-09-17 10:31:00,63.56
2018-09-17 10:32:00,63.51
2018-09-17 10:33:00,63.56
2018-09-17 10:35:00,63.54
2018-09-17 10:36:00,63.47
2018-09-17 10:40:00,63.41
2018-09-17 10:41:00,63.41
2018-09-17 10:43:00,63.455
2018-09-17 10:45:00,63.49
2018-09-17 10:46:00,63.48
2018-09-17 10:48:00,63.47
2018-09-17 10:49:00,63.5
2018-09-17 10:50:00,63.4991
2018-09-17 10:51:00,63.48
2018-09-17 10:52:00,63.48
2018-09-17 10:54:00,63.43
2018-09-17 10:55:00,63.4
2018-09-17 10:56:00,63.4
2018-09-17 10:57:00,63.38
2018-09-17 10:58:00,63.38
2018-09-17 10:59:00,63.44
2018-09-17 11:01:00,63.36
2018-09-17 11:03:00,63.4
2018-09-17 11:04:00,63.41
2018-09-17 11:05:00,63.5
2018-09-17 11:06:00,63.42
2018-09-17 11:07:00,63.42
2018-09-17 11:08:00,63.44
2018-09-17 11:10:00,63.38
2018-09-17 11:12:00,63.4
2018-09-17 11:13:00,63.39
2018-09-17 11:14:00,63.4
2018-09-17 11:15:00,63.35
2018-09-17 11:16:00,63.37
2018-09-17 11:18:00,63.48
2018-09-17 11:19:00,63.46
2018-09-17 11:20:00,63.4532
2018-09-17 11:21:00,63.44
2018-09-17 11:23:00,63.54
2018-09-17 11:25:00,63.49
2018-09-17 11:26:00,63.5
2018-09-17 11:27:00,63.4671
2018-09-17 11:29:00,63.51
2018-09-17 11:30:00,63.49
2018-09-17 11:31:00,63.48
2018-09-17 11:32:00,63.53
2018-09-17 11:33:00,63.57
2018-09-17 11:35:00,63.52
2018-09-17 11:37:00,63.54
2018-09-17 11:38:00,63.51
2018-09-17 11:39:00,63.53
2018-09-17 11:40:00,63.525
2018-09-17 11:41:00,63.52
2018-09-17 11:43:00,63.55
2018-09-17 11:44:00,63.51
2018-09-17 11:45:00,63.52
2018-09-17 11:46:00,63.52
2018-09-17 11:47:00,63.56
2018-09-17 11:48:00,63.57
2018-09-17 11:49:00,63.57
2018-09-17 11:51:00,63.57
2018-09-17 11:52:00,63.53
2018-09-17 11:53:00,63.57
2018-09-17 11:54:00,63.56
2018-09-17 11:55:00,63.56
2018-09-17 11:57:00,63.53
2018-09-17 11:58:00,63.52
2018-09-17 11:59:00,63.51
2018-09-17 12:00:00,63.5
2018-09-17 12:01:00,63.53
2018-09-17 12:02:00,63.59
2018-09-17 12:03:00,63.57
2018-09-17 12:05:00,63.5787
2018-09-17 12:06:00,63.58
2018-09-17 12:07:00,63.55
2018-09-17 12:08:00,63.55
2018-09-17 12:09:00,63.55
2018-09-17 12:11:00,63.51
2018-09-17 12:12:00,63.52
2018-09-17 12:14:00,63.51
2018-09-17 12:15:00,63.49
2018-09-17 12:16:00,63.51
2018-09-17 12:19:00,63.49
2018-09-17 12:20:00,63.47
2018-09-17 12:23:00,63.46
2018-09-17 12:24:00,63.47
2018-09-17 12:26:00,63.47
2018-09-17 12:27:00,63.46
2018-09-17 12:28:00,63.54
2018-09-17 12:29:00,63.57
2018-09-17 12:30:00,63.57
2018-09-17 12:31:00,63.5
2018-09-17 12:32:00,63.51
2018-09-17 12:33:00,63.49
2018-09-17 12:36:00,63.445
2018-09-17 12:37:00,63.45
2018-09-17 12:38:00,63.45
2018-09-17 12:40:00,63.46
2018-09-17 12:41:00,63.47
2018-09-17 12:42:00,63.49
2018-09-17 12:43:00,63.49
2018-09-17 12:44:00,63.48
2018-09-17 12:45:00,63.47
2018-09-17 12:46:00,63.46
2018-09-17 12:48:00,63.45
2018-09-17 12:49:00,63.43
2018-09-17 12:50:00,63.4
2018-09-17 12:51:00,63.4
2018-09-17 12:52:00,63.42
2018-09-17 12:53:00,63.41
2018-09-17 12:55:00,63.42
2018-09-17 12:56:00,63.5
2018-09-17 12:57:00,63.47
2018-09-17 12:58:00,63.47
2018-09-17 12:59:00,63.45
2018-09-17 13:00:00,63.45
2018-09-17 13:01:00,63.47
2018-09-17 13:02:00,63.47
2018-09-17 13:03:00,63.49
2018-09-17 13:04:00,63.52
2018-09-17 13:05:00,63.53
2018-09-17 13:06:00,63.54
2018-09-17 13:07:00,63.54
2018-09-17 13:09:00,63.5467
2018-09-17 13:10:00,63.54
2018-09-17 13:11:00,63.54
2018-09-17 13:12:00,63.54
2018-09-17 13:13:00,63.58
2018-09-17 13:14:00,63.55
2018-09-17 13:16:00,63.525
2018-09-17 13:17:00,63.53
2018-09-17 13:18:00,63.51
2018-09-17 13:20:00,63.49
2018-09-17 13:21:00,63.48
2018-09-17 13:22:00,63.51
2018-09-17 13:24:00,63.51
2018-09-17 13:25:00,63.53
2018-09-17 13:27:00,63.55
2018-09-17 13:28:00,63.55
2018-09-17 13:29:00,63.575
2018-09-17 13:30:00,63.58
2018-09-17 13:31:00,63.58
2018-09-17 13:32:00,63.59
2018-09-17 13:33:00,63.57
2018-09-17 13:34:00,63.56
2018-09-17 13:35:00,63.58
2018-09-17 13:36:00,63.6
2018-09-17 13:37:00,63.57
2018-09-17 13:39:00,63.59
2018-09-17 13:41:00,63.59
2018-09-17 13:42:00,63.61
2018-09-17 13:43:00,63.6
2018-09-17 13:44:00,63.6
2018-09-17 13:45:00,63.56
2018-09-17 13:46:00,63.58
2018-09-17 13:47:00,63.59
2018-09-17 13:48:00,63.59
2018-09-17 13:49:00,63.59
2018-09-17 13:50:00,63.59
2018-09-17 13:52:00,63.58
2018-09-17 13:53:00,63.545
2018-09-17 13:54:00,63.51
2018-09-17 13:55:00,63.5
2018-09-17 13:56:00,63.46
2018-09-17 13:57:00,63.52
2018-09-17 13:58:00,63.53
2018-09-17 13:59:00,63.51
2018-09-17 14:00:00,63.59
2018-09-17 14:01:00,63.56
2018-09-17 14:03:00,63.57
2018-09-17 14:04:00,63.6
2018-09-17 14:05:00,63.6
2018-09-17 14:06:00,63.5749
2018-09-17 14:07:00,63.57
2018-09-17 14:08:00,63.545
2018-09-17 14:09:00,63.58
2018-09-17 14:10:00,63.57
2018-09-17 14:11:00,63.56
2018-09-17 14:12:00,63.56
2018-09-17 14:13:00,63.55
2018-09-17 14:14:00,63.54
2018-09-17 14:15:00,63.565
2018-09-17 14:17:00,63.53
2018-09-17 14:18:00,63.52
2018-09-17 14:19:00,63.53
2018-09-17 14:20:00,63.5
2018-09-17 14:21:00,63.485
2018-09-17 14:22:00,63.49
2018-09-17 14:23:00,63.495
2018-09-17 14:24:00,63.5
2018-09-17 14:25:00,63.5142
2018-09-17 14:26:00,63.54
2018-09-17 14:27:00,63.5561
2018-09-17 14:28:00,63.5711
2018-09-17 14:29:00,63.57
2018-09-17 14:30:00,63.57
2018-09-17 14:32:00,63.54
2018-09-17 14:33:00,63.53
2018-09-17 14:34:00,63.53
2018-09-17 14:35:00,63.53
2018-09-17 14:36:00,63.545
2018-09-17 14:37:00,63.53
2018-09-17 14:38:00,63.53
2018-09-17 14:40:00,63.515
2018-09-17 14:41:00,63.51
2018-09-17 14:42:00,63.505
2018-09-17 14:44:00,63.51
2018-09-17 14:46:00,63.49
2018-09-17 14:47:00,63.5
2018-09-17 14:48:00,63.51
2018-09-17 14:49:00,63.51
2018-09-17 14:50:00,63.55
2018-09-17 14:52:00,63.545
2018-09-17 14:53:00,63.545
2018-09-17 14:54:00,63.55
2018-09-17 14:55:00,63.555
2018-09-17 14:56:00,63.555
2018-09-17 14:58:00,63.6
2018-09-17 14:59:00,63.59
2018-09-17 15:00:00,63.58
2018-09-17 15:01:00,63.58
2018-09-17 15:02:00,63.59
2018-09-17 15:03:00,63.6
2018-09-17 15:04:00,63.595
2018-09-17 15:05:00,63.6
2018-09-17 15:06:00,63.61
2018-09-17 15:07:00,63.62
2018-09-17 15:08:00,63.64
2018-09-17 15:09:00,63.63
2018-09-17 15:10:00,63.61
2018-09-17 15:11:00,63.62
2018-09-17 15:12:00,63.63
2018-09-17 15:14:00,63.6341
2018-09-17 15:15:00,63.63
2018-09-17 15:16:00,63.61
2018-09-17 15:17:00,63.63
2018-09-17 15:18:00,63.67
2018-09-17 15:19:00,63.64
2018-09-17 15:20:00,63.64
2018-09-17 15:21:00,63.63
2018-09-17 15:22:00,63.66
2018-09-17 15:23:00,63.65
2018-09-17 15:24:00,63.67
2018-09-17 15:25:00,63.67
2018-09-17 15:26:00,63.68
2018-09-17 15:27:00,63.695
2018-09-17 15:28:00,63.67
2018-09-17 15:29:00,63.67
2018-09-17 15:30:00,63.68
2018-09-17 15:31:00,63.675
2018-09-17 15:32:00,63.7
2018-09-17 15:33:00,63.72
2018-09-17 15:34:00,63.725
2018-09-17 15:35:00,63.72
2018-09-17 15:36:00,63.73
2018-09-17 15:37:00,63.74
2018-09-17 15:38:00,63.735
2018-09-17 15:39:00,63.75
2018-09-17 15:40:00,63.74
2018-09-17 15:41:00,63.76
2018-09-17 15:42:00,63.805
2018-09-17 15:43:00,63.77
2018-09-17 15:44:00,63.76
2018-09-17 15:45:00,63.775
2018-09-17 15:46:00,63.79
2018-09-17 15:47:00,63.77
2018-09-17 15:48:00,63.74
2018-09-17 15:49:00,63.76
2018-09-17 15:50:00,63.735
2018-09-17 15:51:00,63.725
2018-09-17 15:52:00,63.74
2018-09-17 15:53:00,63.74
2018-09-17 15:54:00,63.735
2018-09-17 15:55:00,63.74
2018-09-17 15:56:00,63.75
2018-09-17 15:57:00,63.74
2018-09-17 15:58:00,63.76
2018-09-17 15:59:00,63.78
2018-09-18 09:32:00,63.82
2018-09-18 09:33:00,63.6
2018-09-18 09:34:00,63.53
2018-09-18 09:35:00,63.595
2018-09-18 09:36:00,63.61
2018-09-18 09:38:00,63.5847
2018-09-18 09:39:00,63.64
2018-09-18 09:41:00,63.65
2018-09-18 09:42:00,63.615
2018-09-18 09:43:00,63.61
2018-09-18 09:44:00,63.56
2018-09-18 09:45:00,63.55
2018-09-18 09:47:00,63.53
2018-09-18 09:49:00,63.51
2018-09-18 09:50:00,63.54
2018-09-18 09:51:00,63.51
2018-09-18 09:52:00,63.48
2018-09-18 09:54:00,63.46
2018-09-18 09:55:00,63.5
2018-09-18 09:56:00,63.56
2018-09-18 09:57:00,63.52
2018-09-18 09:58:00,63.5
2018-09-18 10:00:00,63.61
2018-09-18 10:01:00,63.63
2018-09-18 10:03:00,63.55
2018-09-18 10:04:00,63.57
2018-09-18 10:05:00,63.56
2018-09-18 10:06:00,63.55
2018-09-18 10:07:00,63.58
2018-09-18 10:08:00,63.56
2018-09-18 10:10:00,63.51
2018-09-18 10:12:00,63.51
2018-09-18 10:13:00,63.45
2018-09-18 10:14:00,63.45
2018-09-18 10:15:00,63.4
2018-09-18 10:16:00,63.39
2018-09-18 10:17:00,63.42
2018-09-18 10:18:00,63.46
2018-09-18 10:20:00,63.4
2018-09-18 10:21:00,63.4
2018-09-18 10:23:00,63.44
2018-09-18 10:24:00,63.47
2018-09-18 10:25:00,63.42
2018-09-18 10:26:00,63.52
2018-09-18 10:27:00,63.54
2018-09-18 10:28:00,63.51
2018-09-18 10:29:00,63.55
2018-09-18 10:31:00,63.53
2018-09-18 10:32:00,63.5
2018-09-18 10:33:00,63.54
2018-09-18 10:36:00,63.48
2018-09-18 10:37:00,63.51
2018-09-18 10:38:00,63.47
2018-09-18 10:40:00,63.52
2018-09-18 10:41:00,63.49
2018-09-18 10:42:00,63.51
2018-09-18 10:45:00,63.46
2018-09-18 10:47:00,63.48
2018-09-18 10:48:00,63.49
2018-09-18 10:49:00,63.51
2018-09-18 10:50:00,63.515
2018-09-18 10:52:00,63.55
2018-09-18 10:53:00,63.5
2018-09-18 10:54:00,63.55
2018-09-18 10:55:00,63.57
2018-09-18 10:57:00,63.6
2018-09-18 10:58:00,63.55
2018-09-18 10:59:00,63.56
2018-09-18 11:00:00,63.57
2018-09-18 11:02:00,63.54
2018-09-18 11:03:00,63.57
2018-09-18 11:05:00,63.6
2018-09-18 11:06:00,63.62
2018-09-18 11:07:00,63.64
2018-09-18 11:08:00,63.64
2018-09-18 11:10:00,63.66
2018-09-18 11:11:00,63.67
2018-09-18 11:12:00,63.65
2018-09-18 11:13:00,63.65
2018-09-18 11:15:00,63.63
2018-09-18 11:16:00,63.66
2018-09-18 11:17:00,63.62
2018-09-18 11:18:00,63.65
2018-09-18 11:20:00,63.655
2018-09-18 11:21:00,63.63
2018-09-18 11:22:00,63.61
2018-09-18 11:23:00,63.61
2018-09-18 11:25:00,63.59
2018-09-18 11:26:00,63.56
2018-09-18 11:27:00,63.56
2018-09-18 11:28:00,63.57
2018-09-18 11:29:00,63.54
2018-09-18 11:30:00,63.57
2018-09-18 11:33:00,63.55
2018-09-18 11:34:00,63.51
2018-09-18 11:35:00,63.5
2018-09-18 11:36:00,63.51
2018-09-18 11:38:00,63.52
2018-09-18 11:39:00,63.48
2018-09-18 11:40:00,63.51
2018-09-18 11:42:00,63.48
2018-09-18 11:44:00,63.47
2018-09-18 11:45:00,63.45
2018-09-18 11:46:00,63.46
2018-09-18 11:48:00,63.48
2018-09-18 11:49:00,63.45
2018-09-18 11:51:00,63.42
2018-09-18 11:52:00,63.44
2018-09-18 11:53:00,63.42
2018-09-18 11:54:00,63.45
2018-09-18 11:55:00,63.43
2018-09-18 11:56:00,63.44
2018-09-18 11:57:00,63.475
2018-09-18 11:58:00,63.48
2018-09-18 12:00:00,63.46
2018-09-18 12:01:00,63.44
2018-09-18 12:02:00,63.48
2018-09-18 12:04:00,63.48
2018-09-18 12:05:00,63.47
2018-09-18 12:07:00,63.5
2018-09-18 12:08:00,63.49
2018-09-18 12:09:00,63.5
2018-09-18 12:11:00,63.48
2018-09-18 12:12:00,63.49
2018-09-18 12:14:00,63.5
2018-09-18 12:15:00,63.49
2018-09-18 12:16:00,63.51
2018-09-18 12:17:00,63.51
2018-09-18 12:19:00,63.505
2018-09-18 12:20:00,63.49
2018-09-18 12:21:00,63.49
2018-09-18 12:23:00,63.45
2018-09-18 12:24:00,63.465
2018-09-18 12:25:00,63.47
2018-09-18 12:26:00,63.48
2018-09-18 12:27:00,63.48
2018-09-18 12:28:00,63.47
2018-09-18 12:29:00,63.46
2018-09-18 12:30:00,63.46
2018-09-18 12:31:00,63.45
2018-09-18 12:32:00,63.4586
2018-09-18 12:33:00,63.462
2018-09-18 12:34:00,63.45
2018-09-18 12:35:00,63.44
2018-09-18 12:37:00,63.44
2018-09-18 12:38:00,63.41
2018-09-18 12:39:00,63.4
2018-09-18 12:40:00,63.4
2018-09-18 12:41:00,63.42
2018-09-18 12:42:00,63.42
2018-09-18 12:43:00,63.42
2018-09-18 12:44:00,63.4
2018-09-18 12:45:00,63.4
2018-09-18 12:46:00,63.38
2018-09-18 12:47:00,63.41
2018-09-18 12:48:00,63.42
2018-09-18 12:50:00,63.43
2018-09-18 12:51:00,63.44
2018-09-18 12:53:00,63.4544
2018-09-18 12:54:00,63.47
2018-09-18 12:55:00,63.46
2018-09-18 12:56:00,63.46
2018-09-18 12:57:00,63.46
2018-09-18 12:58:00,63.49
2018-09-18 12:59:00,63.49
2018-09-18 13:00:00,63.45
2018-09-18 13:02:00,63.43
2018-09-18 13:03:00,63.44
2018-09-18 13:05:00,63.45
2018-09-18 13:07:00,63.44
2018-09-18 13:09:00,63.4267
2018-09-18 13:10:00,63.46
2018-09-18 13:11:00,63.48
2018-09-18 13:12:00,63.48
2018-09-18 13:14:00,63.47
2018-09-18 13:15:00,63.46
2018-09-18 13:17:00,63.48
2018-09-18 13:18:00,63.48
2018-09-18 13:19:00,63.48
2018-09-18 13:20:00,63.51
2018-09-18 13:22:00,63.5265
2018-09-18 13:23:00,63.52
2018-09-18 13:25:00,63.54
2018-09-18 13:26:00,63.57
2018-09-18 13:28:00,63.54
2018-09-18 13:29:00,63.55
2018-09-18 13:30:00,63.55
2018-09-18 13:32:00,63.54
2018-09-18 13:33:00,63.53
2018-09-18 13:35:00,63.56
2018-09-18 13:37:00,63.58
2018-09-18 13:38:00,63.55
2018-09-18 13:40:00,63.5524
2018-09-18 13:42:00,63.57
2018-09-18 13:44:00,63.55
2018-09-18 13:45:00,63.545
2018-09-18 13:46:00,63.55
2018-09-18 13:47:00,63.53
2018-09-18 13:49:00,63.5
2018-09-18 13:51:00,63.52
2018-09-18 13:52:00,63.52
2018-09-18 13:53:00,63.495
2018-09-18 13:54:00,63.49
2018-09-18 13:55:00,63.49
2018-09-18 13:58:00,63.5
2018-09-18 13:59:00,63.51
2018-09-18 14:00:00,63.53
2018-09-18 14:01:00,63.54
2018-09-18 14:04:00,63.55
2018-09-18 14:05:00,63.56
2018-09-18 14:06:00,63.57
2018-09-18 14:07:00,63.5681
2018-09-18 14:08:00,63.56
2018-09-18 14:10:00,63.56
2018-09-18 14:11:00,63.57
2018-09-18 14:12:00,63.56
2018-09-18 14:15:00,63.57
2018-09-18 14:17:00,63.56
2018-09-18 14:18:00,63.54
2018-09-18 14:19:00,63.54
2018-09-18 14:20:00,63.54
2018-09-18 14:22:00,63.55
2018-09-18 14:23:00,63.53
2018-09-18 14:24:00,63.53
2018-09-18 14:27:00,63.55
2018-09-18 14:28:00,63.56
2018-09-18 14:30:00,63.57
2018-09-18 14:31:00,63.59
2018-09-18 14:32:00,63.6
2018-09-18 14:33:00,63.6
2018-09-18 14:34:00,63.6
2018-09-18 14:35:00,63.5758
2018-09-18 14:36:00,63.575
2018-09-18 14:37:00,63.58
2018-09-18 14:38:00,63.56
2018-09-18 14:39:00,63.57
2018-09-18 14:40:00,63.57
2018-09-18 14:42:00,63.58
2018-09-18 14:43:00,63.58
2018-09-18 14:46:00,63.56
2018-09-18 14:48:00,63.5541
2018-09-18 14:49:00,63.56
2018-09-18 14:50:00,63.56
2018-09-18 14:51:00,63.56
2018-09-18 14:52:00,63.54
2018-09-18 14:53:00,63.54
2018-09-18 14:54:00,63.54
2018-09-18 14:55:00,63.56
2018-09-18 14:56:00,63.54
2018-09-18 14:57:00,63.5595
2018-09-18 14:58:00,63.59
2018-09-18 14:59:00,63.59
2018-09-18 15:00:00,63.59
2018-09-18 15:01:00,63.59
2018-09-18 15:03:00,63.59
2018-09-18 15:04:00,63.6
2018-09-18 15:05:00,63.62
2018-09-18 15:06:00,63.6271
2018-09-18 15:07:00,63.64
2018-09-18 15:08:00,63.65
2018-09-18 15:09:00,63.64
2018-09-18 15:10:00,63.65
2018-09-18 15:11:00,63.635
2018-09-18 15:12:00,63.64
2018-09-18 15:15:00,63.64
2018-09-18 15:16:00,63.65
2018-09-18 15:17:00,63.64
2018-09-18 15:18:00,63.63
2018-09-18 15:19:00,63.64
2018-09-18 15:20:00,63.64
2018-09-18 15:21:00,63.64
2018-09-18 15:22:00,63.64
2018-09-18 15:23:00,63.64
2018-09-18 15:24:00,63.65
2018-09-18 15:25:00,63.65
2018-09-18 15:26:00,63.67
2018-09-18 15:27:00,63.687
2018-09-18 15:29:00,63.67
2018-09-18 15:30:00,63.675
2018-09-18 15:31:00,63.66
2018-09-18 15:32:00,63.66
2018-09-18 15:33:00,63.6447
2018-09-18 15:34:00,63.64
2018-09-18 15:35:00,63.65
2018-09-18 15:36:00,63.64
2018-09-18 15:37:00,63.63
2018-09-18 15:38:00,63.645
2018-09-18 15:39:00,63.6258
2018-09-18 15:40:00,63.64
2018-09-18 15:41:00,63.64
2018-09-18 15:42:00,63.63
2018-09-18 15:43:00,63.61
2018-09-18 15:45:00,63.6282
2018-09-18 15:46:00,63.63
2018-09-18 15:47:00,63.64
2018-09-18 15:48:00,63.6
2018-09-18 15:49:00,63.605
2018-09-18 15:50:00,63.6
2018-09-18 15:51:00,63.605
2018-09-18 15:52:00,63.595
2018-09-18 15:53:00,63.59
2018-09-18 15:54:00,63.585
2018-09-18 15:55:00,63.58
2018-09-18 15:56:00,63.62
2018-09-18 15:57:00,63.62
2018-09-18 15:58:00,63.63
2018-09-18 15:59:00,63.64
2018-09-19 09:30:00,63.47
2018-09-19 09:32:00,63.41
2018-09-19 09:33:00,63.37
2018-09-19 09:34:00,63.25
2018-09-19 09:35:00,63.12
2018-09-19 09:37:00,63.16
2018-09-19 09:38:00,63.18
2018-09-19 09:39:00,63.12
2018-09-19 09:40:00,63.12
2018-09-19 09:42:00,63.02
2018-09-19 09:43:00,62.96
2018-09-19 09:44:00,63.03
2018-09-19 09:45:00,62.95
2018-09-19 09:46:00,62.91
2018-09-19 09:47:00,62.93
2018-09-19 09:48:00,62.98
2018-09-19 09:49:00,62.95
2018-09-19 09:51:00,62.99
2018-09-19 09:53:00,62.98
2018-09-19 09:54:00,62.99
2018-09-19 09:55:00,63.09
2018-09-19 09:56:00,63.04
2018-09-19 09:57:00,62.98
2018-09-19 09:59:00,63.0
2018-09-19 10:00:00,62.97
2018-09-19 10:02:00,62.98
2018-09-19 10:03:00,63.01
2018-09-19 10:04:00,62.94
2018-09-19 10:05:00,62.96
2018-09-19 10:06:00,62.94
2018-09-19 10:07:00,62.92
2018-09-19 10:08:00,62.89
2018-09-19 10:09:00,62.94
2018-09-19 10:11:00,63.01
2018-09-19 10:12:00,63.0
2018-09-19 10:13:00,63.0
2018-09-19 10:14:00,62.97
2018-09-19 10:15:00,62.98
2018-09-19 10:17:00,62.97
2018-09-19 10:18:00,62.98
2018-09-19 10:19:00,62.95
2018-09-19 10:20:00,62.92
2018-09-19 10:21:00,62.94
2018-09-19 10:22:00,62.97
2018-09-19 10:23:00,62.97
2018-09-19 10:24:00,62.98
2018-09-19 10:25:00,63.03
2018-09-19 10:26:00,63.0
2018-09-19 10:27:00,63.04
2018-09-19 10:28:00,63.04
2018-09-19 10:30:00,63.05
2018-09-19 10:31:00,63.04
2018-09-19 10:32:00,63.0
2018-09-19 10:33:00,62.96
2018-09-19 10:34:00,62.87
2018-09-19 10:35:00,62.81
2018-09-19 10:36:00,62.84
2018-09-19 10:37:00,62.8
2018-09-19 10:38:00,62.83
2018-09-19 10:39:00,62.8
2018-09-19 10:40:00,62.82
2018-09-19 10:41:00,62.83
2018-09-19 10:42:00,62.87
2018-09-19 10:43:00,62.87
2018-09-19 10:44:00,62.85
2018-09-19 10:45:00,62.83
2018-09-19 10:47:00,62.85
2018-09-19 10:48:00,62.87
2018-09-19 10:49:00,62.82
2018-09-19 10:50:00,62.79
2018-09-19 10:51:00,62.85
2018-09-19 10:52:00,62.87
2018-09-19 10:53:00,62.8
2018-09-19 10:54:00,62.76
2018-09-19 10:55:00,62.77
2018-09-19 10:56:00,62.75
2018-09-19 10:58:00,62.77
2018-09-19 10:59:00,62.75
2018-09-19 11:00:00,62.8
2018-09-19 11:02:00,62.84
2018-09-19 11:03:00,62.82
2018-09-19 11:04:00,62.81
2018-09-19 11:06:00,62.85
2018-09-19 11:07:00,62.78
2018-09-19 11:08:00,62.76
2018-09-19 11:09:00,62.76
2018-09-19 11:10:00,62.71
2018-09-19 11:11:00,62.74
2018-09-19 11:12:00,62.66
2018-09-19 11:13:00,62.69
2018-09-19 11:14:00,62.69
2018-09-19 11:16:00,62.67
2018-09-19 11:17:00,62.77
2018-09-19 11:18:00,62.76
2018-09-19 11:19:00,62.74
2018-09-19 11:20:00,62.7
2018-09-19 11:21:00,62.67
2018-09-19 11:22:00,62.65
2018-09-19 11:23:00,62.62
2018-09-19 11:24:00,62.6
2018-09-19 11:25:00,62.62
2018-09-19 11:26:00,62.62
2018-09-19 11:27:00,62.6
2018-09-19 11:29:00,62.58
2018-09-19 11:30:00,62.56
2018-09-19 11:31:00,62.57
2018-09-19 11:32:00,62.5
2018-09-19 11:34:00,62.48
2018-09-19 11:35:00,62.47
2018-09-19 11:36:00,62.47
2018-09-19 11:37:00,62.44
2018-09-19 11:39:00,62.45
2018-09-19 11:40:00,62.53
2018-09-19 11:41:00,62.53
2018-09-19 11:42:00,62.51
2018-09-19 11:43:00,62.54
2018-09-19 11:44:00,62.52
2018-09-19 11:45:00,62.49
2018-09-19 11:46:00,62.56
2018-09-19 11:47:00,62.53
2018-09-19 11:49:00,62.55
2018-09-19 11:50:00,62.55
2018-09-19 11:52:00,62.57
2018-09-19 11:53:00,62.51
2018-09-19 11:54:00,62.49
2018-09-19 11:55:00,62.55
2018-09-19 11:56:00,62.54
2018-09-19 11:57:00,62.57
2018-09-19 11:58:00,62.59
2018-09-19 11:59:00,62.54
2018-09-19 12:00:00,62.54
2018-09-19 12:01:00,62.51
2018-09-19 12:03:00,62.53
2018-09-19 12:04:00,62.475
2018-09-19 12:05:00,62.55
2018-09-19 12:06:00,62.54
2018-09-19 12:07:00,62.55
2018-09-19 12:09:00,62.52
2018-09-19 12:10:00,62.52
2018-09-19 12:11:00,62.52
2018-09-19 12:12:00,62.52
2018-09-19 12:13:00,62.53
2018-09-19 12:14:00,62.54
2018-09-19 12:15:00,62.5
2018-09-19 12:16:00,62.51
2018-09-19 12:18:00,62.49
2018-09-19 12:19:00,62.51
2018-09-19 12:20:00,62.49
2018-09-19 12:21:00,62.5
2018-09-19 12:23:00,62.52
2018-09-19 12:24:00,62.49
2018-09-19 12:26:00,62.51
2018-09-19 12:27:00,62.46
2018-09-19 12:28:00,62.45
2018-09-19 12:29:00,62.4
2018-09-19 12:30:00,62.43
2018-09-19 12:31:00,62.4
2018-09-19 12:32:00,62.4
2018-09-19 12:34:00,62.42
2018-09-19 12:35:00,62.39
2018-09-19 12:36:00,62.37
2018-09-19 12:37:00,62.4
2018-09-19 12:38:00,62.41
2018-09-19 12:39:00,62.4
2018-09-19 12:40:00,62.38
2018-09-19 12:42:00,62.37
2018-09-19 12:44:00,62.3769
2018-09-19 12:45:00,62.37
2018-09-19 12:46:00,62.39
2018-09-19 12:47:00,62.38
2018-09-19 12:48:00,62.38
2018-09-19 12:49:00,62.33
2018-09-19 12:50:00,62.345
2018-09-19 12:51:00,62.36
2018-09-19 12:52:00,62.35
2018-09-19 12:54:00,62.35
2018-09-19 12:55:00,62.31
2018-09-19 12:56:00,62.31
2018-09-19 12:58:00,62.28
2018-09-19 12:59:00,62.27
2018-09-19 13:00:00,62.26
2018-09-19 13:01:00,62.21
2018-09-19 13:02:00,62.1979
2018-09-19 13:03:00,62.21
2018-09-19 13:04:00,62.21
2018-09-19 13:05:00,62.16
2018-09-19 13:06:00,62.15
2018-09-19 13:07:00,62.12
2018-09-19 13:08:00,62.1
2018-09-19 13:09:00,62.07
2018-09-19 13:10:00,62.03
2018-09-19 13:11:00,62.06
2018-09-19 13:13:00,62.09
2018-09-19 13:14:00,62.06
2018-09-19 13:15:00,62.02
2018-09-19 13:16:00,62.02
2018-09-19 13:18:00,62.02
2018-09-19 13:19:00,61.99
2018-09-19 13:20:00,62.0
2018-09-19 13:21:00,62.01
2018-09-19 13:22:00,61.99
2018-09-19 13:23:00,62.03
2018-09-19 13:24:00,62.03
2018-09-19 13:25:00,62.05
2018-09-19 13:26:00,62.08
2018-09-19 13:27:00,62.04
2018-09-19 13:28:00,62.04
2018-09-19 13:29:00,62.03
2018-09-19 13:30:00,62.0299
2018-09-19 13:31:00,62.03
2018-09-19 13:32:00,61.99
2018-09-19 13:33:00,61.99
2018-09-19 13:34:00,61.96
2018-09-19 13:36:00,61.98
2018-09-19 13:37:00,61.96
2018-09-19 13:38:00,61.96
2018-09-19 13:39:00,61.94
2018-09-19 13:40:00,61.93
2018-09-19 13:41:00,61.94
2018-09-19 13:42:00,61.93
2018-09-19 13:43:00,61.93
2018-09-19 13:44:00,61.92
2018-09-19 13:45:00,61.88
2018-09-19 13:46:00,61.9
2018-09-19 13:47:00,61.87
2018-09-19 13:49:00,61.87
2018-09-19 13:50:00,61.85
2018-09-19 13:51:00,61.875
2018-09-19 13:52:00,61.88
2018-09-19 13:53:00,61.89
2018-09-19 13:54:00,61.88
2018-09-19 13:55:00,61.87
2018-09-19 13:56:00,61.86
2018-09-19 13:57:00,61.86
2018-09-19 13:58:00,61.87
2018-09-19 13:59:00,61.84
2018-09-19 14:00:00,61.84
2018-09-19 14:01:00,61.82
2018-09-19 14:02:00,61.85
2018-09-19 14:04:00,61.8439
2018-09-19 14:06:00,61.8599
2018-09-19 14:07:00,61.84
2018-09-19 14:08:00,61.85
2018-09-19 14:09:00,61.83
2018-09-19 14:10:00,61.86
2018-09-19 14:11:00,61.83
2018-09-19 14:12:00,61.83
2018-09-19 14:13:00,61.83
2018-09-19 14:14:00,61.83
2018-09-19 14:15:00,61.82
2018-09-19 14:16:00,61.84
2018-09-19 14:17:00,61.86
2018-09-19 14:18:00,61.88
2018-09-19 14:19:00,61.9009
2018-09-19 14:21:00,61.89
2018-09-19 14:22:00,61.89
2018-09-19 14:23:00,61.87
2018-09-19 14:24:00,61.85
2018-09-19 14:25:00,61.85
2018-09-19 14:26:00,61.87
2018-09-19 14:28:00,61.8759
2018-09-19 14:29:00,61.88
2018-09-19 14:30:00,61.87
2018-09-19 14:31:00,61.845
2018-09-19 14:32:00,61.84
2018-09-19 14:34:00,61.84
2018-09-19 14:35:00,61.84
2018-09-19 14:36:00,61.83
2018-09-19 14:37:00,61.84
2018-09-19 14:38:00,61.83
2018-09-19 14:39:00,61.78
2018-09-19 14:40:00,61.78
2018-09-19 14:41:00,61.78
2018-09-19 14:42:00,61.77
2018-09-19 14:43:00,61.75
2018-09-19 14:44:00,61.73
2018-09-19 14:45:00,61.72
2018-09-19 14:47:00,61.7
2018-09-19 14:48:00,61.72
2018-09-19 14:49:00,61.73
2018-09-19 14:50:00,61.72
2018-09-19 14:51:00,61.725
2018-09-19 14:53:00,61.69
2018-09-19 14:54:00,61.72
2018-09-19 14:56:00,61.75
2018-09-19 14:57:00,61.76
2018-09-19 14:58:00,61.735
2018-09-19 14:59:00,61.73
2018-09-19 15:00:00,61.72
2018-09-19 15:02:00,61.715
2018-09-19 15:03:00,61.69
2018-09-19 15:04:00,61.69
2018-09-19 15:05:00,61.69
2018-09-19 15:06:00,61.74
2018-09-19 15:07:00,61.78
2018-09-19 15:08:00,61.79
2018-09-19 15:09:00,61.82
2018-09-19 15:10:00,61.87
2018-09-19 15:11:00,61.89
2018-09-19 15:12:00,61.93
2018-09-19 15:13:00,61.97
2018-09-19 15:14:00,61.95
2018-09-19 15:15:00,61.95
2018-09-19 15:16:00,61.93
2018-09-19 15:17:00,61.9
2018-09-19 15:19:00,61.91
2018-09-19 15:20:00,61.905
2018-09-19 15:21:00,61.9
2018-09-19 15:22:00,61.93
2018-09-19 15:23:00,61.89
2018-09-19 15:24:00,61.88
2018-09-19 15:25:00,61.9015
2018-09-19 15:26:00,61.92
2018-09-19 15:27:00,61.915
2018-09-19 15:28:00,61.97
2018-09-19 15:29:00,61.97
2018-09-19 15:30:00,62.01
2018-09-19 15:31:00,62.02
2018-09-19 15:32:00,61.97
2018-09-19 15:33:00,62.0
2018-09-19 15:34:00,62.02
2018-09-19 15:35:00,62.01
2018-09-19 15:36:00,62.005
2018-09-19 15:37:00,62.03
2018-09-19 15:38:00,62.025
2018-09-19 15:39:00,62.04
2018-09-19 15:40:00,62.035
2018-09-19 15:41:00,62.04
2018-09-19 15:42:00,61.99
2018-09-19 15:43:00,62.0
2018-09-19 15:44:00,62.01
2018-09-19 15:45:00,62.015
2018-09-19 15:46:00,62.0
2018-09-19 15:47:00,61.98
2018-09-19 15:48:00,61.985
2018-09-19 15:49:00,62.02
2018-09-19 15:50:00,62.01
2018-09-19 15:51:00,62.01
2018-09-19 15:52:00,62.02
2018-09-19 15:53:00,62.015
2018-09-19 15:54:00,62.02
2018-09-19 15:55:00,62.005
2018-09-19 15:56:00,62.03
2018-09-19 15:57:00,62.03
2018-09-19 15:58:00,62.025
2018-09-19 15:59:00,62.03
2018-09-20 09:31:00,61.31
2018-09-20 09:33:00,61.22
2018-09-20 09:34:00,61.09
2018-09-20 09:35:00,61.04
2018-09-20 09:36:00,61.21
2018-09-20 09:37:00,61.2
2018-09-20 09:38:00,61.34
2018-09-20 09:39:00,61.36
2018-09-20 09:40:00,61.49
2018-09-20 09:42:00,61.54
2018-09-20 09:43:00,61.48
2018-09-20 09:44:00,61.48
2018-09-20 09:45:00,61.51
2018-09-20 09:46:00,61.42
2018-09-20 09:48:00,61.46
2018-09-20 09:49:00,61.4
2018-09-20 09:50:00,61.34
2018-09-20 09:51:00,61.32
2018-09-20 09:52:00,61.34
2018-09-20 09:53:00,61.29
2018-09-20 09:54:00,61.3
2018-09-20 09:55:00,61.31
2018-09-20 09:56:00,61.35
2018-09-20 09:57:00,61.39
2018-09-20 09:58:00,61.39
2018-09-20 09:59:00,61.35
2018-09-20 10:00:00,61.38
2018-09-20 10:02:00,61.405
2018-09-20 10:04:00,61.36
2018-09-20 10:05:00,61.32
2018-09-20 10:06:00,61.26
2018-09-20 10:07:00,61.28
2018-09-20 10:08:00,61.35
2018-09-20 10:09:00,61.36
2018-09-20 10:10:00,61.34
2018-09-20 10:11:00,61.4
2018-09-20 10:12:00,61.41
2018-09-20 10:13:00,61.42
2018-09-20 10:14:00,61.35
2018-09-20 10:15:00,61.38
2018-09-20 10:16:00,61.36
2018-09-20 10:17:00,61.39
2018-09-20 10:18:00,61.36
2018-09-20 10:19:00,61.37
2018-09-20 10:20:00,61.35
2018-09-20 10:21:00,61.36
2018-09-20 10:22:00,61.39
2018-09-20 10:24:00,61.39
2018-09-20 10:25:00,61.37
2018-09-20 10:26:00,61.41
2018-09-20 10:27:00,61.41
2018-09-20 10:28:00,61.44
2018-09-20 10:29:00,61.5
2018-09-20 10:30:00,61.52
2018-09-20 10:31:00,61.55
2018-09-20 10:32:00,61.56
2018-09-20 10:33:00,61.57
2018-09-20 10:35:00,61.58
2018-09-20 10:36:00,61.605
2018-09-20 10:37:00,61.59
2018-09-20 10:38:00,61.62
2018-09-20 10:39:00,61.64
2018-09-20 10:40:00,61.67
2018-09-20 10:41:00,61.63
2018-09-20 10:42:00,61.64
2018-09-20 10:43:00,61.6
2018-09-20 10:44:00,61.56
2018-09-20 10:45:00,61.59
2018-09-20 10:46:00,61.615
2018-09-20 10:47:00,61.58
2018-09-20 10:48:00,61.56
2018-09-20 10:50:00,61.59
2018-09-20 10:51:00,61.62
2018-09-20 10:52:00,61.6
2018-09-20 10:53:00,61.61
2018-09-20 10:54:00,61.5935
2018-09-20 10:56:00,61.56
2018-09-20 10:57:00,61.5465
2018-09-20 10:58:00,61.56
2018-09-20 10:59:00,61.52
2018-09-20 11:00:00,61.53
2018-09-20 11:02:00,61.5
2018-09-20 11:03:00,61.54
2018-09-20 11:04:00,61.55
2018-09-20 11:05:00,61.54
2018-09-20 11:06:00,61.57
2018-09-20 11:07:00,61.5
2018-09-20 11:08:00,61.47
2018-09-20 11:09:00,61.51
2018-09-20 11:10:00,61.51
2018-09-20 11:11:00,61.52
2018-09-20 11:13:00,61.54
2018-09-20 11:15:00,61.54
2018-09-20 11:16:00,61.57
2018-09-20 11:17:00,61.58
2018-09-20 11:18:00,61.58
2018-09-20 11:19:00,61.605
2018-09-20 11:20:00,61.6
2018-09-20 11:21:00,61.57
2018-09-20 11:22:00,61.59
2018-09-20 11:23:00,61.53
2018-09-20 11:25:00,61.58
2018-09-20 11:26:00,61.58
2018-09-20 11:27:00,61.58
2018-09-20 11:28:00,61.58
2018-09-20 11:29:00,61.605
2018-09-20 11:30:00,61.57
2018-09-20 11:31:00,61.59
2018-09-20 11:32:00,61.57
2018-09-20 11:33:00,61.54
2018-09-20 11:34:00,61.59
2018-09-20 11:35:00,61.57
2018-09-20 11:36:00,61.58
2018-09-20 11:37:00,61.58
2018-09-20 11:38:00,61.5955
2018-09-20 11:39:00,61.59
2018-09-20 11:40:00,61.58
2018-09-20 11:41:00,61.54
2018-09-20 11:42:00,61.57
2018-09-20 11:44:00,61.51
2018-09-20 11:45:00,61.53
2018-09-20 11:46:00,61.58
2018-09-20 11:47:00,61.58
2018-09-20 11:48:00,61.565
2018-09-20 11:49:00,61.53
2018-09-20 11:50:00,61.53
2018-09-20 11:51:00,61.54
2018-09-20 11:52:00,61.58
2018-09-20 11:53:00,61.6
2018-09-20 11:54:00,61.6
2018-09-20 11:55:00,61.55
2018-09-20 11:56:00,61.6
2018-09-20 11:57:00,61.56
2018-09-20 11:58:00,61.565
2018-09-20 11:59:00,61.59
2018-09-20 12:00:00,61.59
2018-09-20 12:01:00,61.62
2018-09-20 12:02:00,61.66
2018-09-20 12:03:00,61.65
2018-09-20 12:04:00,61.68
2018-09-20 12:05:00,61.7
2018-09-20 12:06:00,61.7
2018-09-20 12:07:00,61.69
2018-09-20 12:08:00,61.72
2018-09-20 12:10:00,61.7
2018-09-20 12:12:00,61.64
2018-09-20 12:14:00,61.69
2018-09-20 12:15:00,61.67
2018-09-20 12:16:00,61.68
2018-09-20 12:17:00,61.68
2018-09-20 12:18:00,61.66
2018-09-20 12:19:00,61.65
2018-09-20 12:20:00,61.65
2018-09-20 12:21:00,61.66
2018-09-20 12:22:00,61.7
2018-09-20 12:23:00,61.7
2018-09-20 12:24:00,61.68
2018-09-20 12:25:00,61.7
2018-09-20 12:26:00,61.71
2018-09-20 12:27:00,61.72
2018-09-20 12:28:00,61.72
2018-09-20 12:29:00,61.72
2018-09-20 12:30:00,61.73
2018-09-20 12:31:00,61.71
2018-09-20 12:32:00,61.72
2018-09-20 12:33:00,61.74
2018-09-20 12:34:00,61.7136
2018-09-20 12:35:00,61.71
2018-09-20 12:37:00,61.72
2018-09-20 12:38:00,61.7
2018-09-20 12:39:00,61.67
2018-09-20 12:40:00,61.69
2018-09-20 12:41:00,61.6649
2018-09-20 12:42:00,61.62
2018-09-20 12:43:00,61.6
2018-09-20 12:44:00,61.61
2018-09-20 12:45:00,61.612
2018-09-20 12:47:00,61.63
2018-09-20 12:49:00,61.62
2018-09-20 12:51:00,61.62
2018-09-20 12:53:00,61.62
2018-09-20 12:55:00,61.65
2018-09-20 12:56:00,61.66
2018-09-20 12:57:00,61.635
2018-09-20 12:58:00,61.66
2018-09-20 12:59:00,61.64
2018-09-20 13:00:00,61.64
2018-09-20 13:01:00,61.64
2018-09-20 13:02:00,61.67
2018-09-20 13:03:00,61.67
2018-09-20 13:04:00,61.66
2018-09-20 13:05:00,61.66
2018-09-20 13:07:00,61.66
2018-09-20 13:08:00,61.67
2018-09-20 13:09:00,61.67
2018-09-20 13:11:00,61.67
2018-09-20 13:12:00,61.67
2018-09-20 13:13:00,61.7
2018-09-20 13:14:00,61.67
2018-09-20 13:15:00,61.675
2018-09-20 13:16:00,61.69
2018-09-20 13:17:00,61.69
2018-09-20 13:18:00,61.69
2018-09-20 13:19:00,61.68
2018-09-20 13:21:00,61.69
2018-09-20 13:22:00,61.69
2018-09-20 13:23:00,61.68
2018-09-20 13:25:00,61.68
2018-09-20 13:26:00,61.66
2018-09-20 13:27:00,61.7
2018-09-20 13:28:00,61.67
2018-09-20 13:29:00,61.69
2018-09-20 13:30:00,61.695
2018-09-20 13:32:00,61.6621
2018-09-20 13:33:00,61.63
2018-09-20 13:34:00,61.64
2018-09-20 13:35:00,61.69
2018-09-20 13:36:00,61.68
2018-09-20 13:37:00,61.69
2018-09-20 13:38:00,61.68
2018-09-20 13:40:00,61.65
2018-09-20 13:41:00,61.64
2018-09-20 13:43:00,61.64
2018-09-20 13:44:00,61.64
2018-09-20 13:46:00,61.67
2018-09-20 13:47:00,61.66
2018-09-20 13:49:00,61.6567
2018-09-20 13:50:00,61.66
2018-09-20 13:51:00,61.65
2018-09-20 13:52:00,61.63
2018-09-20 13:53:00,61.629
2018-09-20 13:55:00,61.61
2018-09-20 13:56:00,61.63
2018-09-20 13:57:00,61.6
2018-09-20 13:58:00,61.57
2018-09-20 13:59:00,61.58
2018-09-20 14:00:00,61.59
2018-09-20 14:01:00,61.57
2018-09-20 14:02:00,61.57
2018-09-20 14:03:00,61.61
2018-09-20 14:04:00,61.63
2018-09-20 14:05:00,61.61
2018-09-20 14:06:00,61.61
2018-09-20 14:07:00,61.63
2018-09-20 14:09:00,61.63
2018-09-20 14:10:00,61.62
2018-09-20 14:11:00,61.6
2018-09-20 14:12:00,61.61
2018-09-20 14:13:00,61.63
2018-09-20 14:14:00,61.65
2018-09-20 14:15:00,61.67
2018-09-20 14:16:00,61.6822
2018-09-20 14:17:00,61.69
2018-09-20 14:18:00,61.72
2018-09-20 14:19:00,61.71
2018-09-20 14:20:00,61.69
2018-09-20 14:21:00,61.69
2018-09-20 14:22:00,61.69
2018-09-20 14:23:00,61.65
2018-09-20 14:24:00,61.67
2018-09-20 14:25:00,61.66
2018-09-20 14:26:00,61.64
2018-09-20 14:27:00,61.63
2018-09-20 14:28:00,61.61
2018-09-20 14:30:00,61.62
2018-09-20 14:31:00,61.61
2018-09-20 14:32:00,61.64
2018-09-20 14:33:00,61.65
2018-09-20 14:36:00,61.65
2018-09-20 14:37:00,61.65
2018-09-20 14:38:00,61.62
2018-09-20 14:39:00,61.62
2018-09-20 14:40:00,61.64
2018-09-20 14:43:00,61.65
2018-09-20 14:46:00,61.63
2018-09-20 14:47:00,61.63
2018-09-20 14:48:00,61.65
2018-09-20 14:49:00,61.65
2018-09-20 14:50:00,61.65
2018-09-20 14:51:00,61.64
2018-09-20 14:52:00,61.6423
2018-09-20 14:53:00,61.66
2018-09-20 14:55:00,61.65
2018-09-20 14:56:00,61.67
2018-09-20 14:57:00,61.66
2018-09-20 14:58:00,61.66
2018-09-20 14:59:00,61.6483
2018-09-20 15:00:00,61.66
2018-09-20 15:01:00,61.65
2018-09-20 15:02:00,61.68
2018-09-20 15:03:00,61.6649
2018-09-20 15:04:00,61.66
2018-09-20 15:06:00,61.66
2018-09-20 15:08:00,61.66
2018-09-20 15:09:00,61.66
2018-09-20 15:10:00,61.66
2018-09-20 15:11:00,61.66
2018-09-20 15:12:00,61.66
2018-09-20 15:13:00,61.67
2018-09-20 15:15:00,61.65
2018-09-20 15:16:00,61.68
2018-09-20 15:17:00,61.72
2018-09-20 15:18:00,61.7
2018-09-20 15:19:00,61.71
2018-09-20 15:20:00,61.71
2018-09-20 15:22:00,61.72
2018-09-20 15:24:00,61.705
2018-09-20 15:26:00,61.71
2018-09-20 15:27:00,61.72
2018-09-20 15:28:00,61.73
2018-09-20 15:29:00,61.725
2018-09-20 15:30:00,61.715
2018-09-20 15:31:00,61.73
2018-09-20 15:32:00,61.75
2018-09-20 15:33:00,61.76
2018-09-20 15:34:00,61.76
2018-09-20 15:35:00,61.73
2018-09-20 15:36:00,61.77
2018-09-20 15:37:00,61.75
2018-09-20 15:38:00,61.76
2018-09-20 15:39:00,61.76
2018-09-20 15:40:00,61.75
2018-09-20 15:41:00,61.75
2018-09-20 15:42:00,61.76
2018-09-20 15:43:00,61.76
2018-09-20 15:44:00,61.765
2018-09-20 15:45:00,61.77
2018-09-20 15:46:00,61.78
2018-09-20 15:47:00,61.79
2018-09-20 15:48:00,61.795
2018-09-20 15:49:00,61.79
2018-09-20 15:50:00,61.77
2018-09-20 15:51:00,61.76
2018-09-20 15:52:00,61.76
2018-09-20 15:53:00,61.765
2018-09-20 15:54:00,61.765
2018-09-20 15:55:00,61.775
2018-09-20 15:56:00,61.76
2018-09-20 15:57:00,61.76
2018-09-20 15:58:00,61.73
2018-09-20 15:59:00,61.76
2018-09-21 09:32:00,61.65
2018-09-21 09:33:00,61.83
2018-09-21 09:34:00,61.67
2018-09-21 09:35:00,61.66
2018-09-21 09:36:00,61.52
2018-09-21 09:37:00,61.46
2018-09-21 09:39:00,61.421
2018-09-21 09:40:00,61.34
2018-09-21 09:42:00,61.39
2018-09-21 09:43:00,61.48
2018-09-21 09:44:00,61.46
2018-09-21 09:45:00,61.4
2018-09-21 09:46:00,61.37
2018-09-21 09:47:00,61.4
2018-09-21 09:48:00,61.37
2018-09-21 09:49:00,61.39
2018-09-21 09:51:00,61.39
2018-09-21 09:52:00,61.44
2018-09-21 09:53:00,61.46
2018-09-21 09:54:00,61.54
2018-09-21 09:55:00,61.47
2018-09-21 09:57:00,61.5285
2018-09-21 09:58:00,61.54
2018-09-21 09:59:00,61.56
2018-09-21 10:01:00,61.57
2018-09-21 10:03:00,61.59
2018-09-21 10:04:00,61.61
2018-09-21 10:05:00,61.65
2018-09-21 10:07:00,61.63
2018-09-21 10:08:00,61.65
2018-09-21 10:09:00,61.6
2018-09-21 10:10:00,61.66
2018-09-21 10:11:00,61.7
2018-09-21 10:12:00,61.72
2018-09-21 10:13:00,61.66
2018-09-21 10:14:00,61.73
2018-09-21 10:16:00,61.76
2018-09-21 10:17:00,61.74
2018-09-21 10:18:00,61.72
2018-09-21 10:19:00,61.78
2018-09-21 10:20:00,61.775
2018-09-21 10:21:00,61.83
2018-09-21 10:22:00,61.8163
2018-09-21 10:23:00,61.89
2018-09-21 10:24:00,61.85
2018-09-21 10:25:00,61.86
2018-09-21 10:26:00,61.85
2018-09-21 10:27:00,61.86
2018-09-21 10:28:00,61.88
2018-09-21 10:29:00,61.9
2018-09-21 10:30:00,61.95
2018-09-21 10:31:00,61.98
2018-09-21 10:32:00,61.96
2018-09-21 10:33:00,61.9611
2018-09-21 10:34:00,62.02
2018-09-21 10:35:00,61.96
2018-09-21 10:36:00,61.97
2018-09-21 10:37:00,61.95
2018-09-21 10:39:00,61.97
2018-09-21 10:40:00,61.95
2018-09-21 10:41:00,61.97
2018-09-21 10:42:00,61.97
2018-09-21 10:43:00,61.96
2018-09-21 10:45:00,61.93
2018-09-21 10:46:00,62.04
2018-09-21 10:48:00,61.96
2018-09-21 10:49:00,61.99
2018-09-21 10:50:00,61.97
2018-09-21 10:51:00,61.94
2018-09-21 10:53:00,62.0179
2018-09-21 10:54:00,62.09
2018-09-21 10:55:00,62.09
2018-09-21 10:56:00,62.12
2018-09-21 10:57:00,62.08
2018-09-21 10:58:00,62.1
2018-09-21 11:00:00,62.11
2018-09-21 11:02:00,62.165
2018-09-21 11:03:00,62.115
2018-09-21 11:04:00,62.11
2018-09-21 11:05:00,62.09
2018-09-21 11:06:00,62.14
2018-09-21 11:08:00,62.15
2018-09-21 11:09:00,62.1
2018-09-21 11:10:00,62.1
2018-09-21 11:11:00,62.09
2018-09-21 11:12:00,62.11
2018-09-21 11:13:00,62.11
2018-09-21 11:14:00,62.09
2018-09-21 11:16:00,62.06
2018-09-21 11:17:00,62.04
2018-09-21 11:18:00,62.13
2018-09-21 11:19:00,62.13
2018-09-21 11:20:00,62.13
2018-09-21 11:22:00,62.09
2018-09-21 11:23:00,62.06
2018-09-21 11:24:00,62.05
2018-09-21 11:25:00,62.06
2018-09-21 11:26:00,62.08
2018-09-21 11:27:00,62.0
2018-09-21 11:29:00,62.0
2018-09-21 11:30:00,62.03
2018-09-21 11:31:00,62.01
2018-09-21 11:32:00,62.02
2018-09-21 11:34:00,62.0
2018-09-21 11:35:00,61.92
2018-09-21 11:36:00,61.96
2018-09-21 11:37:00,61.95
2018-09-21 11:38:00,61.89
2018-09-21 11:39:00,61.85
2018-09-21 11:40:00,61.93
2018-09-21 11:41:00,61.92
2018-09-21 11:42:00,61.93
2018-09-21 11:43:00,61.9
2018-09-21 11:44:00,61.93
2018-09-21 11:45:00,61.95
2018-09-21 11:46:00,61.93
2018-09-21 11:47:00,61.92
2018-09-21 11:48:00,61.9434
2018-09-21 11:49:00,61.92
2018-09-21 11:50:00,61.96
2018-09-21 11:51:00,61.96
2018-09-21 11:52:00,61.92
2018-09-21 11:53:00,61.89
2018-09-21 11:54:00,61.93
2018-09-21 11:55:00,61.9
2018-09-21 11:56:00,61.92
2018-09-21 11:57:00,61.9
2018-09-21 11:58:00,61.955
2018-09-21 11:59:00,61.98
2018-09-21 12:00:00,61.97
2018-09-21 12:01:00,62.0
2018-09-21 12:02:00,61.96
2018-09-21 12:03:00,61.995
2018-09-21 12:05:00,61.98
2018-09-21 12:06:00,62.01
2018-09-21 12:07:00,62.06
2018-09-21 12:08:00,62.06
2018-09-21 12:09:00,62.03
2018-09-21 12:10:00,62.02
2018-09-21 12:12:00,62.01
2018-09-21 12:15:00,62.03
2018-09-21 12:16:00,62.1
2018-09-21 12:17:00,62.12
2018-09-21 12:18:00,62.13
2018-09-21 12:19:00,62.13
2018-09-21 12:20:00,62.1
2018-09-21 12:22:00,62.13
2018-09-21 12:23:00,62.11
2018-09-21 12:24:00,62.14
2018-09-21 12:25:00,62.12
2018-09-21 12:26:00,62.12
2018-09-21 12:27:00,62.15
2018-09-21 12:28:00,62.2
2018-09-21 12:29:00,62.21
2018-09-21 12:30:00,62.17
2018-09-21 12:31:00,62.18
2018-09-21 12:32:00,62.2
2018-09-21 12:33:00,62.23
2018-09-21 12:35:00,62.24
2018-09-21 12:36:00,62.19
2018-09-21 12:38:00,62.2
2018-09-21 12:39:00,62.19
2018-09-21 12:40:00,62.2
2018-09-21 12:41:00,62.2
2018-09-21 12:42:00,62.17
2018-09-21 12:43:00,62.16
2018-09-21 12:44:00,62.18
2018-09-21 12:45:00,62.18
2018-09-21 12:46:00,62.18
2018-09-21 12:47:00,62.16
2018-09-21 12:48:00,62.14
2018-09-21 12:49:00,62.16
2018-09-21 12:51:00,62.18
2018-09-21 12:52:00,62.1859
2018-09-21 12:53:00,62.175
2018-09-21 12:54:00,62.16
2018-09-21 12:56:00,62.17
2018-09-21 12:57:00,62.2
2018-09-21 12:58:00,62.2
2018-09-21 12:59:00,62.18
2018-09-21 13:00:00,62.18
2018-09-21 13:01:00,62.16
2018-09-21 13:02:00,62.165
2018-09-21 13:03:00,62.17
2018-09-21 13:04:00,62.16
2018-09-21 13:06:00,62.16
2018-09-21 13:07:00,62.16
2018-09-21 13:09:00,62.18
2018-09-21 13:11:00,62.15
2018-09-21 13:12:00,62.16
2018-09-21 13:13:00,62.2
2018-09-21 13:15:00,62.19
2018-09-21 13:16:00,62.19
2018-09-21 13:17:00,62.18
2018-09-21 13:18:00,62.17
2018-09-21 13:19:00,62.18
2018-09-21 13:21:00,62.22
2018-09-21 13:22:00,62.23
2018-09-21 13:23:00,62.24
2018-09-21 13:24:00,62.24
2018-09-21 13:26:00,62.26
2018-09-21 13:27:00,62.27
2018-09-21 13:28:00,62.27
2018-09-21 13:29:00,62.26
2018-09-21 13:30:00,62.23
2018-09-21 13:31:00,62.22
2018-09-21 13:32:00,62.21
2018-09-21 13:34:00,62.2
2018-09-21 13:35:00,62.225
2018-09-21 13:36:00,62.24
2018-09-21 13:37:00,62.22
2018-09-21 13:38:00,62.24
