2018-09-17 09:30:00,18.16
2018-09-17 09:31:00,18.15
2018-09-17 09:32:00,18.13
2018-09-17 09:33:00,18.085
2018-09-17 09:34:00,18.075
2018-09-17 09:35:00,18.1
2018-09-17 09:36:00,18.14
2018-09-17 09:37:00,18.15
2018-09-17 09:38:00,18.17
2018-09-17 09:39:00,18.16
2018-09-17 09:40:00,18.1828
2018-09-17 09:41:00,18.21
2018-09-17 09:42:00,18.1724
2018-09-17 09:43:00,18.175
2018-09-17 09:44:00,18.17
2018-09-17 09:45:00,18.19
2018-09-17 09:46:00,18.1979
2018-09-17 09:47:00,18.215
2018-09-17 09:48:00,18.23
2018-09-17 09:49:00,18.2
2018-09-17 09:50:00,18.2
2018-09-17 09:51:00,18.175
2018-09-17 09:52:00,18.18
2018-09-17 09:53:00,18.18
2018-09-17 09:54:00,18.165
2018-09-17 09:55:00,18.165
2018-09-17 09:56:00,18.16
2018-09-17 09:57:00,18.17
2018-09-17 09:58:00,18.18
2018-09-17 09:59:00,18.1799
2018-09-17 10:00:00,18.19
2018-09-17 10:01:00,18.21
2018-09-17 10:02:00,18.23
2018-09-17 10:03:00,18.23
2018-09-17 10:04:00,18.24
2018-09-17 10:05:00,18.26
2018-09-17 10:06:00,18.245
2018-09-17 10:07:00,18.25
2018-09-17 10:08:00,18.26
2018-09-17 10:09:00,18.255
2018-09-17 10:10:00,18.245
2018-09-17 10:11:00,18.241
2018-09-17 10:12:00,18.26
2018-09-17 10:13:00,18.265
2018-09-17 10:14:00,18.255
2018-09-17 10:15:00,18.275
2018-09-17 10:16:00,18.2882
2018-09-17 10:17:00,18.32
2018-09-17 10:18:00,18.335
2018-09-17 10:19:00,18.33
2018-09-17 10:20:00,18.315
2018-09-17 10:21:00,18.31
2018-09-17 10:22:00,18.31
2018-09-17 10:23:00,18.32
2018-09-17 10:24:00,18.3248
2018-09-17 10:25:00,18.32
2018-09-17 10:26:00,18.3
2018-09-17 10:27:00,18.3
2018-09-17 10:28:00,18.295
2018-09-17 10:29:00,18.3
2018-09-17 10:30:00,18.27
2018-09-17 10:31:00,18.285
2018-09-17 10:32:00,18.27
2018-09-17 10:33:00,18.265
2018-09-17 10:34:00,18.27
2018-09-17 10:35:00,18.27
2018-09-17 10:36:00,18.2852
2018-09-17 10:37:00,18.28
2018-09-17 10:38:00,18.27
2018-09-17 10:39:00,18.2648
2018-09-17 10:40:00,18.26
2018-09-17 10:41:00,18.255
2018-09-17 10:42:00,18.26
2018-09-17 10:43:00,18.25
2018-09-17 10:44:00,18.25
2018-09-17 10:45:00,18.23
2018-09-17 10:46:00,18.25
2018-09-17 10:47:00,18.2595
2018-09-17 10:48:00,18.24
2018-09-17 10:49:00,18.235
2018-09-17 10:50:00,18.2354
2018-09-17 10:51:00,18.23
2018-09-17 10:52:00,18.22
2018-09-17 10:53:00,18.2
2018-09-17 10:54:00,18.2001
2018-09-17 10:55:00,18.21
2018-09-17 10:56:00,18.2019
2018-09-17 10:57:00,18.185
2018-09-17 10:58:00,18.19
2018-09-17 10:59:00,18.18
2018-09-17 11:00:00,18.19
2018-09-17 11:01:00,18.19
2018-09-17 11:02:00,18.2
2018-09-17 11:03:00,18.2
2018-09-17 11:04:00,18.2036
2018-09-17 11:05:00,18.205
2018-09-17 11:06:00,18.21
2018-09-17 11:07:00,18.205
2018-09-17 11:08:00,18.22
2018-09-17 11:09:00,18.21
2018-09-17 11:10:00,18.225
2018-09-17 11:11:00,18.22
2018-09-17 11:12:00,18.21
2018-09-17 11:13:00,18.2
2018-09-17 11:14:00,18.21
2018-09-17 11:15:00,18.215
2018-09-17 11:16:00,18.22
2018-09-17 11:17:00,18.23
2018-09-17 11:18:00,18.25
2018-09-17 11:19:00,18.25
2018-09-17 11:20:00,18.2361
2018-09-17 11:21:00,18.23
2018-09-17 11:22:00,18.235
2018-09-17 11:23:00,18.23
2018-09-17 11:24:00,18.23
2018-09-17 11:25:00,18.225
2018-09-17 11:26:00,18.22
2018-09-17 11:27:00,18.23
2018-09-17 11:28:00,18.235
2018-09-17 11:29:00,18.23
2018-09-17 11:30:00,18.24
2018-09-17 11:31:00,18.235
2018-09-17 11:32:00,18.225
2018-09-17 11:33:00,18.23
2018-09-17 11:34:00,18.23
2018-09-17 11:35:00,18.22
2018-09-17 11:36:00,18.225
2018-09-17 11:37:00,18.23
2018-09-17 11:38:00,18.23
2018-09-17 11:39:00,18.22
2018-09-17 11:40:00,18.2122
2018-09-17 11:41:00,18.22
2018-09-17 11:42:00,18.21
2018-09-17 11:43:00,18.21
2018-09-17 11:44:00,18.2
2018-09-17 11:45:00,18.2
2018-09-17 11:46:00,18.19
2018-09-17 11:47:00,18.1857
2018-09-17 11:48:00,18.19
2018-09-17 11:49:00,18.2
2018-09-17 11:50:00,18.2
2018-09-17 11:51:00,18.19
2018-09-17 11:52:00,18.2
2018-09-17 11:53:00,18.2
2018-09-17 11:54:00,18.19
2018-09-17 11:55:00,18.19
2018-09-17 11:56:00,18.19
2018-09-17 11:57:00,18.2
2018-09-17 11:58:00,18.21
2018-09-17 11:59:00,18.205
2018-09-17 12:00:00,18.215
2018-09-17 12:01:00,18.22
2018-09-17 12:02:00,18.2
2018-09-17 12:03:00,18.19
2018-09-17 12:04:00,18.19
2018-09-17 12:05:00,18.19
2018-09-17 12:06:00,18.195
2018-09-17 12:07:00,18.2
2018-09-17 12:08:00,18.19
2018-09-17 12:09:00,18.18
2018-09-17 12:10:00,18.19
2018-09-17 12:11:00,18.18
2018-09-17 12:12:00,18.19
2018-09-17 12:13:00,18.19
2018-09-17 12:14:00,18.19
2018-09-17 12:15:00,18.19
2018-09-17 12:16:00,18.1954
2018-09-17 12:17:00,18.195
2018-09-17 12:18:00,18.1967
2018-09-17 12:19:00,18.2
2018-09-17 12:20:00,18.19
2018-09-17 12:21:00,18.19
2018-09-17 12:22:00,18.2
2018-09-17 12:23:00,18.2
2018-09-17 12:24:00,18.21
2018-09-17 12:25:00,18.203
2018-09-17 12:26:00,18.195
2018-09-17 12:27:00,18.195
2018-09-17 12:28:00,18.19
2018-09-17 12:29:00,18.19
2018-09-17 12:30:00,18.19
2018-09-17 12:31:00,18.1858
2018-09-17 12:32:00,18.18
2018-09-17 12:33:00,18.17
2018-09-17 12:34:00,18.18
2018-09-17 12:35:00,18.175
2018-09-17 12:36:00,18.19
2018-09-17 12:37:00,18.185
2018-09-17 12:38:00,18.19
2018-09-17 12:39:00,18.1901
2018-09-17 12:40:00,18.198
2018-09-17 12:41:00,18.19
2018-09-17 12:42:00,18.185
2018-09-17 12:43:00,18.19
2018-09-17 12:44:00,18.19
2018-09-17 12:45:00,18.19
2018-09-17 12:46:00,18.185
2018-09-17 12:47:00,18.19
2018-09-17 12:48:00,18.19
2018-09-17 12:49:00,18.19
2018-09-17 12:50:00,18.1957
2018-09-17 12:51:00,18.185
2018-09-17 12:52:00,18.185
2018-09-17 12:53:00,18.18
2018-09-17 12:54:00,18.18
2018-09-17 12:55:00,18.175
2018-09-17 12:56:00,18.18
2018-09-17 12:57:00,18.185
2018-09-17 12:58:00,18.19
2018-09-17 12:59:00,18.19
2018-09-17 13:00:00,18.19
2018-09-17 13:01:00,18.185
2018-09-17 13:02:00,18.18
2018-09-17 13:03:00,18.185
2018-09-17 13:04:00,18.1801
2018-09-17 13:05:00,18.19
2018-09-17 13:06:00,18.185
2018-09-17 13:07:00,18.181
2018-09-17 13:08:00,18.19
2018-09-17 13:09:00,18.19
2018-09-17 13:10:00,18.19
2018-09-17 13:11:00,18.185
2018-09-17 13:12:00,18.18
2018-09-17 13:13:00,18.18
2018-09-17 13:14:00,18.17
2018-09-17 13:15:00,18.17
2018-09-17 13:16:00,18.185
2018-09-17 13:17:00,18.18
2018-09-17 13:18:00,18.18
2018-09-17 13:19:00,18.185
2018-09-17 13:20:00,18.185
2018-09-17 13:21:00,18.18
2018-09-17 13:22:00,18.1721
2018-09-17 13:23:00,18.175
2018-09-17 13:24:00,18.17
2018-09-17 13:25:00,18.175
2018-09-17 13:26:00,18.17
2018-09-17 13:27:00,18.17
2018-09-17 13:28:00,18.175
2018-09-17 13:29:00,18.175
2018-09-17 13:30:00,18.165
2018-09-17 13:31:00,18.16
2018-09-17 13:32:00,18.17
2018-09-17 13:33:00,18.1769
2018-09-17 13:34:00,18.18
2018-09-17 13:35:00,18.18
2018-09-17 13:36:00,18.175
2018-09-17 13:37:00,18.18
2018-09-17 13:38:00,18.18
2018-09-17 13:39:00,18.17
2018-09-17 13:40:00,18.17
2018-09-17 13:41:00,18.175
2018-09-17 13:42:00,18.18
2018-09-17 13:43:00,18.175
2018-09-17 13:44:00,18.1713
2018-09-17 13:45:00,18.17
2018-09-17 13:46:00,18.17
2018-09-17 13:47:00,18.17
2018-09-17 13:48:00,18.175
2018-09-17 13:49:00,18.17
2018-09-17 13:50:00,18.165
2018-09-17 13:51:00,18.17
2018-09-17 13:52:00,18.1651
2018-09-17 13:53:00,18.16
2018-09-17 13:54:00,18.165
2018-09-17 13:55:00,18.165
2018-09-17 13:56:00,18.165
2018-09-17 13:57:00,18.16
2018-09-17 13:58:00,18.165
2018-09-17 13:59:00,18.165
2018-09-17 14:00:00,18.155
2018-09-17 14:01:00,18.155
2018-09-17 14:02:00,18.16
2018-09-17 14:03:00,18.1601
2018-09-17 14:04:00,18.16
2018-09-17 14:05:00,18.165
2018-09-17 14:06:00,18.1678
2018-09-17 14:07:00,18.159
2018-09-17 14:08:00,18.155
2018-09-17 14:09:00,18.16
2018-09-17 14:10:00,18.17
2018-09-17 14:11:00,18.165
2018-09-17 14:12:00,18.16
2018-09-17 14:13:00,18.16
2018-09-17 14:14:00,18.16
2018-09-17 14:15:00,18.16
2018-09-17 14:16:00,18.1601
2018-09-17 14:17:00,18.16
2018-09-17 14:18:00,18.165
2018-09-17 14:19:00,18.16
2018-09-17 14:20:00,18.14
2018-09-17 14:21:00,18.14
2018-09-17 14:22:00,18.14
2018-09-17 14:23:00,18.16
2018-09-17 14:24:00,18.16
2018-09-17 14:25:00,18.16
2018-09-17 14:26:00,18.175
2018-09-17 14:27:00,18.16
2018-09-17 14:28:00,18.165
2018-09-17 14:29:00,18.16
2018-09-17 14:30:00,18.15
2018-09-17 14:31:00,18.155
2018-09-17 14:32:00,18.15
2018-09-17 14:33:00,18.155
2018-09-17 14:34:00,18.16
2018-09-17 14:35:00,18.15
2018-09-17 14:36:00,18.15
2018-09-17 14:37:00,18.155
2018-09-17 14:38:00,18.15
2018-09-17 14:39:00,18.15
2018-09-17 14:40:00,18.1599
2018-09-17 14:41:00,18.155
2018-09-17 14:42:00,18.15
2018-09-17 14:43:00,18.15
2018-09-17 14:44:00,18.155
2018-09-17 14:45:00,18.14
2018-09-17 14:46:00,18.145
2018-09-17 14:47:00,18.14
2018-09-17 14:48:00,18.145
2018-09-17 14:49:00,18.14
2018-09-17 14:50:00,18.14
2018-09-17 14:51:00,18.15
2018-09-17 14:52:00,18.16
2018-09-17 14:53:00,18.165
2018-09-17 14:54:00,18.17
2018-09-17 14:55:00,18.16
2018-09-17 14:56:00,18.155
2018-09-17 14:57:00,18.15
2018-09-17 14:58:00,18.13
2018-09-17 14:59:00,18.12
2018-09-17 15:00:00,18.125
2018-09-17 15:01:00,18.12
2018-09-17 15:02:00,18.125
2018-09-17 15:03:00,18.13
2018-09-17 15:04:00,18.13
2018-09-17 15:05:00,18.1357
2018-09-17 15:06:00,18.13
2018-09-17 15:07:00,18.135
2018-09-17 15:08:00,18.13
2018-09-17 15:09:00,18.13
2018-09-17 15:10:00,18.14
2018-09-17 15:11:00,18.1498
2018-09-17 15:12:00,18.16
2018-09-17 15:13:00,18.14
2018-09-17 15:14:00,18.14
2018-09-17 15:15:00,18.13
2018-09-17 15:16:00,18.135
2018-09-17 15:17:00,18.13
2018-09-17 15:18:00,18.14
2018-09-17 15:19:00,18.15
2018-09-17 15:20:00,18.14
2018-09-17 15:21:00,18.135
2018-09-17 15:22:00,18.135
2018-09-17 15:23:00,18.135
2018-09-17 15:24:00,18.14
2018-09-17 15:25:00,18.13
2018-09-17 15:26:00,18.13
2018-09-17 15:27:00,18.135
2018-09-17 15:28:00,18.135
2018-09-17 15:29:00,18.135
2018-09-17 15:30:00,18.135
2018-09-17 15:31:00,18.14
2018-09-17 15:32:00,18.155
2018-09-17 15:33:00,18.13
2018-09-17 15:34:00,18.12
2018-09-17 15:35:00,18.13
2018-09-17 15:36:00,18.13
2018-09-17 15:37:00,18.135
2018-09-17 15:38:00,18.135
2018-09-17 15:39:00,18.135
2018-09-17 15:40:00,18.14
2018-09-17 15:41:00,18.14
2018-09-17 15:42:00,18.125
2018-09-17 15:43:00,18.125
2018-09-17 15:44:00,18.14
2018-09-17 15:45:00,18.13
2018-09-17 15:46:00,18.135
2018-09-17 15:47:00,18.13
2018-09-17 15:48:00,18.135
2018-09-17 15:49:00,18.135
2018-09-17 15:50:00,18.135
2018-09-17 15:51:00,18.14
2018-09-17 15:52:00,18.14
2018-09-17 15:53:00,18.14
2018-09-17 15:54:00,18.135
2018-09-17 15:55:00,18.13
2018-09-17 15:56:00,18.14
2018-09-17 15:57:00,18.15
2018-09-17 15:58:00,18.155
2018-09-17 15:59:00,18.17
2018-09-18 09:30:00,18.23
2018-09-18 09:31:00,18.2558
2018-09-18 09:32:00,18.275
2018-09-18 09:33:00,18.265
2018-09-18 09:34:00,18.28
2018-09-18 09:35:00,18.295
2018-09-18 09:36:00,18.293
2018-09-18 09:37:00,18.31
2018-09-18 09:38:00,18.2859
2018-09-18 09:39:00,18.3
2018-09-18 09:40:00,18.315
2018-09-18 09:41:00,18.3035
2018-09-18 09:42:00,18.31
2018-09-18 09:43:00,18.3139
2018-09-18 09:44:00,18.325
2018-09-18 09:45:00,18.33
2018-09-18 09:46:00,18.335
2018-09-18 09:47:00,18.3
2018-09-18 09:48:00,18.3
2018-09-18 09:49:00,18.325
2018-09-18 09:50:00,18.325
2018-09-18 09:51:00,18.325
2018-09-18 09:52:00,18.33
2018-09-18 09:53:00,18.32
2018-09-18 09:54:00,18.325
2018-09-18 09:55:00,18.315
2018-09-18 09:56:00,18.33
2018-09-18 09:57:00,18.34
2018-09-18 09:58:00,18.324
2018-09-18 09:59:00,18.3257
2018-09-18 10:00:00,18.34
2018-09-18 10:01:00,18.34
2018-09-18 10:02:00,18.335
2018-09-18 10:03:00,18.35
2018-09-18 10:04:00,18.32
2018-09-18 10:05:00,18.34
2018-09-18 10:06:00,18.355
2018-09-18 10:07:00,18.355
2018-09-18 10:08:00,18.36
2018-09-18 10:09:00,18.35
2018-09-18 10:10:00,18.3301
2018-09-18 10:11:00,18.332
2018-09-18 10:12:00,18.335
2018-09-18 10:13:00,18.3366
2018-09-18 10:14:00,18.35
2018-09-18 10:15:00,18.345
2018-09-18 10:16:00,18.34
2018-09-18 10:17:00,18.33
2018-09-18 10:18:00,18.325
2018-09-18 10:19:00,18.35
2018-09-18 10:20:00,18.35
2018-09-18 10:21:00,18.345
2018-09-18 10:22:00,18.36
2018-09-18 10:23:00,18.365
2018-09-18 10:24:00,18.37
2018-09-18 10:25:00,18.375
2018-09-18 10:26:00,18.38
2018-09-18 10:27:00,18.39
2018-09-18 10:28:00,18.39
2018-09-18 10:29:00,18.39
2018-09-18 10:30:00,18.39
2018-09-18 10:31:00,18.36
2018-09-18 10:32:00,18.36
2018-09-18 10:33:00,18.34
2018-09-18 10:34:00,18.34
2018-09-18 10:35:00,18.345
2018-09-18 10:36:00,18.3206
2018-09-18 10:37:00,18.32
2018-09-18 10:38:00,18.32
2018-09-18 10:39:00,18.34
2018-09-18 10:40:00,18.3455
2018-09-18 10:41:00,18.325
2018-09-18 10:42:00,18.34
2018-09-18 10:43:00,18.335
2018-09-18 10:44:00,18.34
2018-09-18 10:45:00,18.3149
2018-09-18 10:46:00,18.32
2018-09-18 10:47:00,18.33
2018-09-18 10:48:00,18.3201
2018-09-18 10:49:00,18.315
2018-09-18 10:50:00,18.3156
2018-09-18 10:51:00,18.34
2018-09-18 10:52:00,18.3369
2018-09-18 10:53:00,18.34
2018-09-18 10:54:00,18.33
2018-09-18 10:55:00,18.34
2018-09-18 10:56:00,18.331
2018-09-18 10:57:00,18.335
2018-09-18 10:58:00,18.335
2018-09-18 10:59:00,18.335
2018-09-18 11:00:00,18.34
2018-09-18 11:01:00,18.3385
2018-09-18 11:02:00,18.335
2018-09-18 11:03:00,18.32
2018-09-18 11:04:00,18.32
2018-09-18 11:05:00,18.31
2018-09-18 11:06:00,18.315
2018-09-18 11:07:00,18.33
2018-09-18 11:08:00,18.3201
2018-09-18 11:09:00,18.31
2018-09-18 11:10:00,18.31
2018-09-18 11:11:00,18.305
2018-09-18 11:12:00,18.315
2018-09-18 11:13:00,18.315
2018-09-18 11:14:00,18.325
2018-09-18 11:15:00,18.32
2018-09-18 11:16:00,18.325
2018-09-18 11:17:00,18.325
2018-09-18 11:18:00,18.33
2018-09-18 11:19:00,18.335
2018-09-18 11:20:00,18.32
2018-09-18 11:21:00,18.33
2018-09-18 11:23:00,18.32
2018-09-18 11:24:00,18.315
2018-09-18 11:25:00,18.32
2018-09-18 11:26:00,18.315
2018-09-18 11:27:00,18.33
2018-09-18 11:28:00,18.325
2018-09-18 11:29:00,18.35
2018-09-18 11:30:00,18.365
2018-09-18 11:31:00,18.36
2018-09-18 11:32:00,18.365
2018-09-18 11:33:00,18.365
2018-09-18 11:34:00,18.361
2018-09-18 11:35:00,18.375
2018-09-18 11:36:00,18.3748
2018-09-18 11:37:00,18.38
2018-09-18 11:38:00,18.39
2018-09-18 11:39:00,18.37
2018-09-18 11:40:00,18.37
2018-09-18 11:41:00,18.375
2018-09-18 11:42:00,18.38
2018-09-18 11:43:00,18.37
2018-09-18 11:44:00,18.37
2018-09-18 11:45:00,18.365
2018-09-18 11:46:00,18.36
2018-09-18 11:47:00,18.37
2018-09-18 11:48:00,18.365
2018-09-18 11:49:00,18.37
2018-09-18 11:50:00,18.37
2018-09-18 11:51:00,18.365
2018-09-18 11:52:00,18.37
2018-09-18 11:53:00,18.365
2018-09-18 11:54:00,18.37
2018-09-18 11:55:00,18.365
2018-09-18 11:56:00,18.35
2018-09-18 11:57:00,18.36
2018-09-18 11:58:00,18.365
2018-09-18 11:59:00,18.37
2018-09-18 12:00:00,18.375
2018-09-18 12:01:00,18.37
2018-09-18 12:02:00,18.355
2018-09-18 12:03:00,18.355
2018-09-18 12:04:00,18.355
2018-09-18 12:05:00,18.36
2018-09-18 12:06:00,18.36
2018-09-18 12:07:00,18.36
2018-09-18 12:08:00,18.36
2018-09-18 12:09:00,18.36
2018-09-18 12:10:00,18.355
2018-09-18 12:11:00,18.36
2018-09-18 12:12:00,18.35
2018-09-18 12:13:00,18.36
2018-09-18 12:14:00,18.36
2018-09-18 12:15:00,18.355
2018-09-18 12:16:00,18.355
2018-09-18 12:17:00,18.355
2018-09-18 12:18:00,18.355
2018-09-18 12:19:00,18.355
2018-09-18 12:20:00,18.3556
2018-09-18 12:21:00,18.335
2018-09-18 12:22:00,18.3321
2018-09-18 12:23:00,18.335
2018-09-18 12:24:00,18.35
2018-09-18 12:25:00,18.34
2018-09-18 12:26:00,18.3374
2018-09-18 12:27:00,18.33
2018-09-18 12:28:00,18.32
2018-09-18 12:29:00,18.305
2018-09-18 12:30:00,18.301
2018-09-18 12:31:00,18.31
2018-09-18 12:32:00,18.305
2018-09-18 12:33:00,18.31
2018-09-18 12:34:00,18.31
2018-09-18 12:35:00,18.31
2018-09-18 12:36:00,18.3135
2018-09-18 12:37:00,18.3
2018-09-18 12:38:00,18.3
2018-09-18 12:39:00,18.304
2018-09-18 12:40:00,18.3
2018-09-18 12:41:00,18.3
2018-09-18 12:42:00,18.3
2018-09-18 12:43:00,18.3
2018-09-18 12:44:00,18.29
2018-09-18 12:45:00,18.295
2018-09-18 12:46:00,18.29
2018-09-18 12:47:00,18.285
2018-09-18 12:48:00,18.2899
2018-09-18 12:49:00,18.28
2018-09-18 12:50:00,18.285
2018-09-18 12:51:00,18.29
2018-09-18 12:52:00,18.29
2018-09-18 12:53:00,18.285
2018-09-18 12:54:00,18.285
2018-09-18 12:55:00,18.285
2018-09-18 12:56:00,18.285
2018-09-18 12:57:00,18.28
2018-09-18 12:58:00,18.285
2018-09-18 12:59:00,18.28
2018-09-18 13:00:00,18.28
2018-09-18 13:01:00,18.29
2018-09-18 13:02:00,18.2868
2018-09-18 13:03:00,18.29
2018-09-18 13:04:00,18.28
2018-09-18 13:05:00,18.28
2018-09-18 13:06:00,18.2801
2018-09-18 13:07:00,18.285
2018-09-18 13:08:00,18.285
2018-09-18 13:09:00,18.2814
2018-09-18 13:10:00,18.2886
2018-09-18 13:11:00,18.2853
2018-09-18 13:12:00,18.2853
2018-09-18 13:13:00,18.285
2018-09-18 13:14:00,18.285
2018-09-18 13:15:00,18.29
2018-09-18 13:16:00,18.2843
2018-09-18 13:17:00,18.29
2018-09-18 13:18:00,18.295
2018-09-18 13:19:00,18.295
2018-09-18 13:20:00,18.29
2018-09-18 13:21:00,18.29
2018-09-18 13:22:00,18.29
2018-09-18 13:23:00,18.29
2018-09-18 13:24:00,18.285
2018-09-18 13:25:00,18.28
2018-09-18 13:26:00,18.295
2018-09-18 13:27:00,18.2954
2018-09-18 13:28:00,18.295
2018-09-18 13:29:00,18.28
2018-09-18 13:30:00,18.275
2018-09-18 13:31:00,18.28
2018-09-18 13:32:00,18.275
2018-09-18 13:33:00,18.25
2018-09-18 13:34:00,18.255
2018-09-18 13:35:00,18.25
2018-09-18 13:36:00,18.25
2018-09-18 13:37:00,18.255
2018-09-18 13:38:00,18.27
2018-09-18 13:39:00,18.27
2018-09-18 13:40:00,18.26
2018-09-18 13:41:00,18.265
2018-09-18 13:42:00,18.26
2018-09-18 13:43:00,18.26
2018-09-18 13:44:00,18.2522
2018-09-18 13:45:00,18.255
2018-09-18 13:46:00,18.25
2018-09-18 13:47:00,18.25
2018-09-18 13:48:00,18.25
2018-09-18 13:49:00,18.2572
2018-09-18 13:50:00,18.26
2018-09-18 13:51:00,18.253
2018-09-18 13:52:00,18.255
2018-09-18 13:53:00,18.26
2018-09-18 13:54:00,18.265
2018-09-18 13:55:00,18.2685
2018-09-18 13:56:00,18.26
2018-09-18 13:57:00,18.25
2018-09-18 13:58:00,18.25
2018-09-18 13:59:00,18.25
2018-09-18 14:00:00,18.245
2018-09-18 14:01:00,18.25
2018-09-18 14:02:00,18.25
2018-09-18 14:03:00,18.2555
2018-09-18 14:04:00,18.255
2018-09-18 14:05:00,18.251
2018-09-18 14:06:00,18.2542
2018-09-18 14:07:00,18.25
2018-09-18 14:08:00,18.255
2018-09-18 14:09:00,18.25
2018-09-18 14:10:00,18.25
2018-09-18 14:11:00,18.25
2018-09-18 14:12:00,18.25
2018-09-18 14:13:00,18.25
2018-09-18 14:14:00,18.25
2018-09-18 14:15:00,18.24
2018-09-18 14:16:00,18.24
2018-09-18 14:17:00,18.245
2018-09-18 14:18:00,18.2447
2018-09-18 14:19:00,18.24
2018-09-18 14:20:00,18.24
2018-09-18 14:21:00,18.245
2018-09-18 14:22:00,18.25
2018-09-18 14:23:00,18.25
2018-09-18 14:24:00,18.25
2018-09-18 14:25:00,18.245
2018-09-18 14:26:00,18.249
2018-09-18 14:27:00,18.25
2018-09-18 14:28:00,18.25
2018-09-18 14:29:00,18.25
2018-09-18 14:30:00,18.245
2018-09-18 14:31:00,18.25
2018-09-18 14:32:00,18.25
2018-09-18 14:33:00,18.25
2018-09-18 14:34:00,18.26
2018-09-18 14:35:00,18.245
2018-09-18 14:36:00,18.245
2018-09-18 14:37:00,18.245
2018-09-18 14:38:00,18.2452
2018-09-18 14:39:00,18.225
2018-09-18 14:40:00,18.23
2018-09-18 14:41:00,18.225
2018-09-18 14:42:00,18.225
2018-09-18 14:43:00,18.2264
2018-09-18 14:44:00,18.225
2018-09-18 14:45:00,18.2258
2018-09-18 14:46:00,18.229
2018-09-18 14:47:00,18.22
2018-09-18 14:48:00,18.22
2018-09-18 14:49:00,18.215
2018-09-18 14:50:00,18.22
2018-09-18 14:51:00,18.215
2018-09-18 14:52:00,18.215
2018-09-18 14:53:00,18.215
2018-09-18 14:54:00,18.2168
2018-09-18 14:55:00,18.215
2018-09-18 14:56:00,18.215
2018-09-18 14:57:00,18.21
2018-09-18 14:58:00,18.22
2018-09-18 14:59:00,18.215
2018-09-18 15:00:00,18.215
2018-09-18 15:01:00,18.215
2018-09-18 15:02:00,18.21
2018-09-18 15:03:00,18.219
2018-09-18 15:04:00,18.21
2018-09-18 15:05:00,18.205
2018-09-18 15:06:00,18.205
2018-09-18 15:07:00,18.2
2018-09-18 15:08:00,18.2
2018-09-18 15:09:00,18.195
2018-09-18 15:10:00,18.195
2018-09-18 15:11:00,18.19
2018-09-18 15:12:00,18.19
2018-09-18 15:13:00,18.19
2018-09-18 15:14:00,18.185
2018-09-18 15:15:00,18.195
2018-09-18 15:16:00,18.19
2018-09-18 15:17:00,18.191
2018-09-18 15:18:00,18.195
2018-09-18 15:19:00,18.19
2018-09-18 15:20:00,18.1933
2018-09-18 15:21:00,18.1997
2018-09-18 15:22:00,18.195
2018-09-18 15:23:00,18.195
2018-09-18 15:24:00,18.19
2018-09-18 15:25:00,18.19
2018-09-18 15:26:00,18.195
2018-09-18 15:27:00,18.185
2018-09-18 15:28:00,18.18
2018-09-18 15:29:00,18.18
2018-09-18 15:30:00,18.185
2018-09-18 15:31:00,18.18
2018-09-18 15:32:00,18.185
2018-09-18 15:33:00,18.185
2018-09-18 15:34:00,18.18
2018-09-18 15:35:00,18.18
2018-09-18 15:36:00,18.185
2018-09-18 15:37:00,18.1828
2018-09-18 15:38:00,18.16
2018-09-18 15:39:00,18.165
2018-09-18 15:40:00,18.16
2018-09-18 15:41:00,18.165
2018-09-18 15:42:00,18.165
2018-09-18 15:43:00,18.161
2018-09-18 15:44:00,18.155
2018-09-18 15:45:00,18.15
2018-09-18 15:46:00,18.14
2018-09-18 15:47:00,18.145
2018-09-18 15:48:00,18.145
2018-09-18 15:49:00,18.15
2018-09-18 15:50:00,18.14
2018-09-18 15:51:00,18.14
2018-09-18 15:52:00,18.13
2018-09-18 15:53:00,18.125
2018-09-18 15:54:00,18.115
2018-09-18 15:55:00,18.1
2018-09-18 15:56:00,18.12
2018-09-18 15:57:00,18.125
2018-09-18 15:58:00,18.12
2018-09-18 15:59:00,18.12
2018-09-19 09:30:00,18.09
2018-09-19 09:31:00,18.1
2018-09-19 09:32:00,18.08
2018-09-19 09:33:00,18.025
2018-09-19 09:34:00,18.04
2018-09-19 09:35:00,18.06
2018-09-19 09:36:00,18.03
2018-09-19 09:37:00,18.065
2018-09-19 09:38:00,18.06
2018-09-19 09:39:00,18.06
2018-09-19 09:40:00,18.085
2018-09-19 09:41:00,18.1
2018-09-19 09:42:00,18.1
2018-09-19 09:43:00,18.13
2018-09-19 09:44:00,18.14
2018-09-19 09:45:00,18.13
2018-09-19 09:46:00,18.12
2018-09-19 09:47:00,18.1256
2018-09-19 09:48:00,18.12
2018-09-19 09:49:00,18.142
2018-09-19 09:50:00,18.16
2018-09-19 09:51:00,18.15
2018-09-19 09:52:00,18.15
2018-09-19 09:53:00,18.15
2018-09-19 09:54:00,18.16
2018-09-19 09:55:00,18.18
2018-09-19 09:56:00,18.1727
2018-09-19 09:57:00,18.185
2018-09-19 09:58:00,18.195
2018-09-19 09:59:00,18.19
2018-09-19 10:00:00,18.2
2018-09-19 10:01:00,18.2033
2018-09-19 10:02:00,18.2199
2018-09-19 10:03:00,18.22
2018-09-19 10:04:00,18.22
2018-09-19 10:05:00,18.21
2018-09-19 10:06:00,18.21
2018-09-19 10:07:00,18.21
2018-09-19 10:08:00,18.1926
2018-09-19 10:09:00,18.19
2018-09-19 10:10:00,18.21
2018-09-19 10:11:00,18.21
2018-09-19 10:12:00,18.225
2018-09-19 10:13:00,18.2258
2018-09-19 10:14:00,18.22
2018-09-19 10:15:00,18.2299
2018-09-19 10:16:00,18.23
2018-09-19 10:17:00,18.23
2018-09-19 10:18:00,18.23
2018-09-19 10:19:00,18.22
2018-09-19 10:20:00,18.215
2018-09-19 10:21:00,18.2
2018-09-19 10:22:00,18.21
2018-09-19 10:23:00,18.215
2018-09-19 10:24:00,18.2
2018-09-19 10:25:00,18.2
2018-09-19 10:26:00,18.195
2018-09-19 10:27:00,18.185
2018-09-19 10:28:00,18.18
2018-09-19 10:29:00,18.2
2018-09-19 10:30:00,18.235
2018-09-19 10:31:00,18.25
2018-09-19 10:32:00,18.25
2018-09-19 10:33:00,18.24
2018-09-19 10:34:00,18.26
2018-09-19 10:35:00,18.25
2018-09-19 10:36:00,18.235
2018-09-19 10:37:00,18.235
2018-09-19 10:38:00,18.235
2018-09-19 10:39:00,18.25
2018-09-19 10:40:00,18.245
2018-09-19 10:41:00,18.25
2018-09-19 10:42:00,18.25
2018-09-19 10:43:00,18.25
2018-09-19 10:44:00,18.245
2018-09-19 10:45:00,18.235
2018-09-19 10:46:00,18.2399
2018-09-19 10:47:00,18.2361
2018-09-19 10:48:00,18.23
2018-09-19 10:49:00,18.23
2018-09-19 10:50:00,18.2306
2018-09-19 10:51:00,18.24
2018-09-19 10:52:00,18.225
2018-09-19 10:53:00,18.2329
2018-09-19 10:54:00,18.24
2018-09-19 10:55:00,18.235
2018-09-19 10:56:00,18.22
2018-09-19 10:57:00,18.215
2018-09-19 10:58:00,18.215
2018-09-19 10:59:00,18.19
2018-09-19 11:00:00,18.19
2018-09-19 11:01:00,18.2
2018-09-19 11:02:00,18.2044
2018-09-19 11:03:00,18.195
2018-09-19 11:04:00,18.195
2018-09-19 11:05:00,18.195
2018-09-19 11:06:00,18.211
2018-09-19 11:07:00,18.21
2018-09-19 11:08:00,18.22
2018-09-19 11:09:00,18.23
2018-09-19 11:10:00,18.21
2018-09-19 11:11:00,18.21
2018-09-19 11:12:00,18.2
2018-09-19 11:13:00,18.19
2018-09-19 11:14:00,18.195
2018-09-19 11:15:00,18.195
2018-09-19 11:16:00,18.185
2018-09-19 11:17:00,18.175
2018-09-19 11:18:00,18.18
2018-09-19 11:19:00,18.185
2018-09-19 11:20:00,18.185
2018-09-19 11:21:00,18.184
2018-09-19 11:22:00,18.18
2018-09-19 11:23:00,18.175
2018-09-19 11:24:00,18.1622
2018-09-19 11:25:00,18.165
2018-09-19 11:26:00,18.155
2018-09-19 11:27:00,18.15
2018-09-19 11:28:00,18.1599
2018-09-19 11:30:00,18.145
2018-09-19 11:31:00,18.155
2018-09-19 11:32:00,18.1401
2018-09-19 11:33:00,18.15
2018-09-19 11:34:00,18.16
2018-09-19 11:35:00,18.165
2018-09-19 11:36:00,18.1626
2018-09-19 11:37:00,18.165
2018-09-19 11:38:00,18.162
2018-09-19 11:39:00,18.16
2018-09-19 11:40:00,18.165
2018-09-19 11:41:00,18.1649
2018-09-19 11:42:00,18.1622
2018-09-19 11:43:00,18.16
2018-09-19 11:44:00,18.16
2018-09-19 11:45:00,18.16
2018-09-19 11:46:00,18.16
2018-09-19 11:47:00,18.16
2018-09-19 11:48:00,18.155
2018-09-19 11:49:00,18.16
2018-09-19 11:50:00,18.1555
2018-09-19 11:51:00,18.155
2018-09-19 11:52:00,18.155
2018-09-19 11:53:00,18.1528
2018-09-19 11:54:00,18.155
2018-09-19 11:55:00,18.155
2018-09-19 11:56:00,18.16
2018-09-19 11:57:00,18.17
2018-09-19 11:58:00,18.165
2018-09-19 11:59:00,18.16
2018-09-19 12:00:00,18.17
2018-09-19 12:01:00,18.16
2018-09-19 12:02:00,18.1601
2018-09-19 12:03:00,18.15
2018-09-19 12:04:00,18.16
2018-09-19 12:05:00,18.164
2018-09-19 12:06:00,18.165
2018-09-19 12:07:00,18.165
2018-09-19 12:08:00,18.165
2018-09-19 12:09:00,18.165
2018-09-19 12:10:00,18.165
2018-09-19 12:11:00,18.1663
2018-09-19 12:12:00,18.17
2018-09-19 12:13:00,18.17
2018-09-19 12:14:00,18.165
2018-09-19 12:15:00,18.16
2018-09-19 12:16:00,18.165
2018-09-19 12:17:00,18.1645
2018-09-19 12:18:00,18.169
2018-09-19 12:19:00,18.165
2018-09-19 12:20:00,18.165
2018-09-19 12:21:00,18.16
2018-09-19 12:22:00,18.15
2018-09-19 12:23:00,18.15
2018-09-19 12:24:00,18.16
2018-09-19 12:25:00,18.155
2018-09-19 12:26:00,18.16
2018-09-19 12:27:00,18.165
2018-09-19 12:28:00,18.165
2018-09-19 12:29:00,18.165
2018-09-19 12:30:00,18.165
2018-09-19 12:31:00,18.165
2018-09-19 12:32:00,18.165
2018-09-19 12:33:00,18.17
2018-09-19 12:34:00,18.165
2018-09-19 12:35:00,18.16
2018-09-19 12:36:00,18.165
2018-09-19 12:37:00,18.16
2018-09-19 12:38:00,18.165
2018-09-19 12:39:00,18.164
2018-09-19 12:40:00,18.17
2018-09-19 12:41:00,18.16
2018-09-19 12:42:00,18.165
2018-09-19 12:43:00,18.165
2018-09-19 12:44:00,18.1641
2018-09-19 12:45:00,18.17
2018-09-19 12:46:00,18.17
2018-09-19 12:47:00,18.16
2018-09-19 12:48:00,18.165
2018-09-19 12:49:00,18.165
2018-09-19 12:50:00,18.17
2018-09-19 12:51:00,18.1636
2018-09-19 12:52:00,18.165
2018-09-19 12:53:00,18.165
2018-09-19 12:54:00,18.17
2018-09-19 12:55:00,18.175
2018-09-19 12:56:00,18.175
2018-09-19 12:57:00,18.17
2018-09-19 12:58:00,18.17
2018-09-19 12:59:00,18.17
2018-09-19 13:00:00,18.17
2018-09-19 13:01:00,18.175
2018-09-19 13:02:00,18.165
2018-09-19 13:03:00,18.17
2018-09-19 13:04:00,18.17
2018-09-19 13:05:00,18.165
2018-09-19 13:06:00,18.17
2018-09-19 13:07:00,18.165
2018-09-19 13:08:00,18.1658
2018-09-19 13:09:00,18.17
2018-09-19 13:10:00,18.17
2018-09-19 13:11:00,18.175
2018-09-19 13:12:00,18.1701
2018-09-19 13:13:00,18.16
2018-09-19 13:14:00,18.17
2018-09-19 13:15:00,18.17
2018-09-19 13:16:00,18.175
2018-09-19 13:17:00,18.17
2018-09-19 13:18:00,18.17
2018-09-19 13:19:00,18.17
2018-09-19 13:20:00,18.18
2018-09-19 13:21:00,18.18
2018-09-19 13:22:00,18.18
2018-09-19 13:23:00,18.18
2018-09-19 13:24:00,18.18
2018-09-19 13:25:00,18.18
2018-09-19 13:26:00,18.18
2018-09-19 13:27:00,18.18
2018-09-19 13:28:00,18.185
2018-09-19 13:29:00,18.19
2018-09-19 13:30:00,18.1954
2018-09-19 13:31:00,18.2
2018-09-19 13:32:00,18.21
2018-09-19 13:33:00,18.2099
2018-09-19 13:34:00,18.21
2018-09-19 13:35:00,18.22
2018-09-19 13:36:00,18.22
2018-09-19 13:37:00,18.22
2018-09-19 13:39:00,18.22
2018-09-19 13:40:00,18.215
2018-09-19 13:41:00,18.22
2018-09-19 13:42:00,18.215
2018-09-19 13:43:00,18.215
2018-09-19 13:44:00,18.22
2018-09-19 13:45:00,18.225
2018-09-19 13:46:00,18.215
2018-09-19 13:47:00,18.215
2018-09-19 13:48:00,18.21
2018-09-19 13:49:00,18.215
2018-09-19 13:50:00,18.22
2018-09-19 13:51:00,18.2152
2018-09-19 13:52:00,18.2153
2018-09-19 13:53:00,18.22
2018-09-19 13:54:00,18.22
2018-09-19 13:55:00,18.215
2018-09-19 13:56:00,18.215
2018-09-19 13:57:00,18.215
2018-09-19 13:58:00,18.21
2018-09-19 13:59:00,18.215
2018-09-19 14:00:00,18.21
2018-09-19 14:01:00,18.205
2018-09-19 14:02:00,18.205
2018-09-19 14:03:00,18.21
2018-09-19 14:04:00,18.215
2018-09-19 14:05:00,18.21
2018-09-19 14:06:00,18.215
2018-09-19 14:07:00,18.22
2018-09-19 14:08:00,18.22
2018-09-19 14:09:00,18.22
2018-09-19 14:10:00,18.21
2018-09-19 14:11:00,18.2113
2018-09-19 14:12:00,18.215
2018-09-19 14:13:00,18.21
2018-09-19 14:14:00,18.2113
2018-09-19 14:15:00,18.21
2018-09-19 14:16:00,18.215
2018-09-19 14:17:00,18.21
2018-09-19 14:18:00,18.215
2018-09-19 14:19:00,18.21
2018-09-19 14:20:00,18.22
2018-09-19 14:21:00,18.21
2018-09-19 14:22:00,18.215
2018-09-19 14:23:00,18.2141
2018-09-19 14:24:00,18.22
2018-09-19 14:25:00,18.22
2018-09-19 14:26:00,18.22
2018-09-19 14:27:00,18.22
2018-09-19 14:28:00,18.22
2018-09-19 14:29:00,18.215
2018-09-19 14:30:00,18.22
2018-09-19 14:31:00,18.22
2018-09-19 14:32:00,18.225
2018-09-19 14:33:00,18.22
2018-09-19 14:34:00,18.22
2018-09-19 14:35:00,18.23
2018-09-19 14:36:00,18.22
2018-09-19 14:37:00,18.2268
2018-09-19 14:38:00,18.23
2018-09-19 14:39:00,18.225
2018-09-19 14:40:00,18.225
2018-09-19 14:41:00,18.2244
2018-09-19 14:42:00,18.23
2018-09-19 14:43:00,18.23
2018-09-19 14:44:00,18.23
2018-09-19 14:45:00,18.2263
2018-09-19 14:46:00,18.23
2018-09-19 14:47:00,18.225
2018-09-19 14:48:00,18.225
2018-09-19 14:49:00,18.22
2018-09-19 14:50:00,18.225
2018-09-19 14:51:00,18.225
2018-09-19 14:52:00,18.225
2018-09-19 14:53:00,18.235
2018-09-19 14:54:00,18.235
2018-09-19 14:55:00,18.24
2018-09-19 14:56:00,18.24
2018-09-19 14:57:00,18.23
2018-09-19 14:58:00,18.24
2018-09-19 14:59:00,18.245
2018-09-19 15:00:00,18.245
2018-09-19 15:01:00,18.25
2018-09-19 15:02:00,18.25
2018-09-19 15:03:00,18.25
2018-09-19 15:04:00,18.2535
2018-09-19 15:05:00,18.255
2018-09-19 15:06:00,18.255
2018-09-19 15:07:00,18.26
2018-09-19 15:08:00,18.26
2018-09-19 15:09:00,18.255
2018-09-19 15:10:00,18.259
2018-09-19 15:11:00,18.26
2018-09-19 15:12:00,18.26
2018-09-19 15:13:00,18.255
2018-09-19 15:14:00,18.26
2018-09-19 15:15:00,18.265
2018-09-19 15:16:00,18.27
2018-09-19 15:17:00,18.27
2018-09-19 15:18:00,18.27
2018-09-19 15:19:00,18.27
2018-09-19 15:20:00,18.2772
2018-09-19 15:21:00,18.28
2018-09-19 15:22:00,18.29
2018-09-19 15:23:00,18.285
2018-09-19 15:24:00,18.285
2018-09-19 15:25:00,18.29
2018-09-19 15:26:00,18.29
2018-09-19 15:27:00,18.29
2018-09-19 15:28:00,18.29
2018-09-19 15:29:00,18.3
2018-09-19 15:30:00,18.3
2018-09-19 15:31:00,18.28
2018-09-19 15:32:00,18.27
2018-09-19 15:33:00,18.27
2018-09-19 15:34:00,18.263
2018-09-19 15:35:00,18.265
2018-09-19 15:36:00,18.265
2018-09-19 15:37:00,18.267
2018-09-19 15:38:00,18.2686
2018-09-19 15:39:00,18.265
2018-09-19 15:40:00,18.27
2018-09-19 15:41:00,18.265
2018-09-19 15:42:00,18.275
2018-09-19 15:43:00,18.255
2018-09-19 15:44:00,18.265
2018-09-19 15:45:00,18.275
2018-09-19 15:46:00,18.279
2018-09-19 15:47:00,18.28
2018-09-19 15:48:00,18.28
2018-09-19 15:49:00,18.29
2018-09-19 15:50:00,18.2868
2018-09-19 15:51:00,18.29
2018-09-19 15:52:00,18.29
2018-09-19 15:53:00,18.285
2018-09-19 15:54:00,18.29
2018-09-19 15:55:00,18.275
2018-09-19 15:56:00,18.265
2018-09-19 15:57:00,18.26
2018-09-19 15:58:00,18.25
2018-09-19 15:59:00,18.265
2018-09-20 09:30:00,18.28
2018-09-20 09:31:00,18.28
2018-09-20 09:32:00,18.255
2018-09-20 09:33:00,18.24
2018-09-20 09:34:00,18.239
2018-09-20 09:35:00,18.2033
2018-09-20 09:36:00,18.2
2018-09-20 09:37:00,18.2063
2018-09-20 09:38:00,18.2
2018-09-20 09:39:00,18.18
2018-09-20 09:40:00,18.17
2018-09-20 09:41:00,18.165
2018-09-20 09:42:00,18.1551
2018-09-20 09:43:00,18.12
2018-09-20 09:44:00,18.1075
2018-09-20 09:45:00,18.09
2018-09-20 09:46:00,18.08
2018-09-20 09:47:00,18.08
2018-09-20 09:48:00,18.1
2018-09-20 09:49:00,18.091
2018-09-20 09:50:00,18.1
2018-09-20 09:51:00,18.09
2018-09-20 09:52:00,18.1
2018-09-20 09:53:00,18.09
2018-09-20 09:54:00,18.1
2018-09-20 09:55:00,18.12
2018-09-20 09:56:00,18.105
2018-09-20 09:57:00,18.11
2018-09-20 09:58:00,18.11
2018-09-20 09:59:00,18.11
2018-09-20 10:00:00,18.1074
2018-09-20 10:01:00,18.12
2018-09-20 10:02:00,18.11
2018-09-20 10:03:00,18.1
2018-09-20 10:04:00,18.1
2018-09-20 10:05:00,18.105
2018-09-20 10:06:00,18.0999
2018-09-20 10:07:00,18.05
2018-09-20 10:08:00,18.04
2018-09-20 10:09:00,18.04
2018-09-20 10:10:00,18.035
2018-09-20 10:11:00,18.05
2018-09-20 10:12:00,18.05
2018-09-20 10:13:00,18.0599
2018-09-20 10:14:00,18.05
2018-09-20 10:15:00,18.07
2018-09-20 10:16:00,18.09
2018-09-20 10:17:00,18.11
2018-09-20 10:18:00,18.085
2018-09-20 10:19:00,18.11
2018-09-20 10:20:00,18.125
2018-09-20 10:21:00,18.128
2018-09-20 10:22:00,18.125
2018-09-20 10:23:00,18.12
2018-09-20 10:24:00,18.125
2018-09-20 10:25:00,18.1171
2018-09-20 10:26:00,18.11
2018-09-20 10:27:00,18.1111
2018-09-20 10:28:00,18.11
2018-09-20 10:29:00,18.105
2018-09-20 10:30:00,18.1
2018-09-20 10:31:00,18.11
2018-09-20 10:32:00,18.1042
2018-09-20 10:33:00,18.1
2018-09-20 10:34:00,18.09
2018-09-20 10:35:00,18.085
2018-09-20 10:36:00,18.08
2018-09-20 10:37:00,18.09
2018-09-20 10:38:00,18.11
2018-09-20 10:39:00,18.1049
2018-09-20 10:40:00,18.11
2018-09-20 10:41:00,18.13
2018-09-20 10:42:00,18.13
2018-09-20 10:43:00,18.14
2018-09-20 10:44:00,18.14
2018-09-20 10:45:00,18.14
2018-09-20 10:46:00,18.14
2018-09-20 10:47:00,18.14
2018-09-20 10:48:00,18.14
2018-09-20 10:49:00,18.16
2018-09-20 10:50:00,18.16
2018-09-20 10:51:00,18.1511
2018-09-20 10:52:00,18.155
2018-09-20 10:53:00,18.155
2018-09-20 10:54:00,18.145
2018-09-20 10:55:00,18.13
2018-09-20 10:56:00,18.13
2018-09-20 10:57:00,18.149
2018-09-20 10:58:00,18.14
2018-09-20 10:59:00,18.13
2018-09-20 11:00:00,18.13
2018-09-20 11:01:00,18.135
2018-09-20 11:02:00,18.135
2018-09-20 11:03:00,18.145
2018-09-20 11:04:00,18.14
2018-09-20 11:05:00,18.14
2018-09-20 11:06:00,18.14
2018-09-20 11:07:00,18.135
2018-09-20 11:08:00,18.13
2018-09-20 11:09:00,18.12
2018-09-20 11:10:00,18.12
2018-09-20 11:11:00,18.11
2018-09-20 11:12:00,18.12
2018-09-20 11:13:00,18.12
2018-09-20 11:14:00,18.11
2018-09-20 11:15:00,18.12
2018-09-20 11:16:00,18.11
2018-09-20 11:17:00,18.1
2018-09-20 11:18:00,18.11
2018-09-20 11:19:00,18.11
2018-09-20 11:20:00,18.11
2018-09-20 11:21:00,18.11
2018-09-20 11:22:00,18.11
2018-09-20 11:23:00,18.12
2018-09-20 11:24:00,18.11
2018-09-20 11:25:00,18.12
2018-09-20 11:26:00,18.119
2018-09-20 11:27:00,18.11
2018-09-20 11:28:00,18.11
2018-09-20 11:29:00,18.12
2018-09-20 11:30:00,18.12
2018-09-20 11:31:00,18.11
2018-09-20 11:32:00,18.12
2018-09-20 11:33:00,18.115
2018-09-20 11:34:00,18.12
2018-09-20 11:35:00,18.11
2018-09-20 11:36:00,18.1
2018-09-20 11:37:00,18.1
2018-09-20 11:38:00,18.1
2018-09-20 11:39:00,18.095
2018-09-20 11:40:00,18.0921
2018-09-20 11:41:00,18.09
2018-09-20 11:42:00,18.09
2018-09-20 11:43:00,18.0951
2018-09-20 11:44:00,18.1
2018-09-20 11:45:00,18.1
2018-09-20 11:46:00,18.09
2018-09-20 11:47:00,18.09
2018-09-20 11:48:00,18.08
2018-09-20 11:49:00,18.08
2018-09-20 11:50:00,18.08
2018-09-20 11:51:00,18.08
2018-09-20 11:52:00,18.08
2018-09-20 11:53:00,18.08
2018-09-20 11:54:00,18.08
2018-09-20 11:55:00,18.085
2018-09-20 11:56:00,18.1
2018-09-20 11:57:00,18.09
2018-09-20 11:58:00,18.1
2018-09-20 11:59:00,18.11
2018-09-20 12:00:00,18.11
2018-09-20 12:01:00,18.105
2018-09-20 12:02:00,18.11
2018-09-20 12:03:00,18.12
2018-09-20 12:04:00,18.113
2018-09-20 12:05:00,18.13
2018-09-20 12:06:00,18.14
2018-09-20 12:07:00,18.14
2018-09-20 12:08:00,18.13
2018-09-20 12:09:00,18.135
2018-09-20 12:10:00,18.14
2018-09-20 12:11:00,18.14
2018-09-20 12:12:00,18.135
2018-09-20 12:13:00,18.14
2018-09-20 12:14:00,18.15
2018-09-20 12:15:00,18.145
2018-09-20 12:16:00,18.15
2018-09-20 12:17:00,18.15
2018-09-20 12:18:00,18.15
2018-09-20 12:19:00,18.15
2018-09-20 12:20:00,18.15
2018-09-20 12:21:00,18.16
2018-09-20 12:22:00,18.15
2018-09-20 12:23:00,18.16
2018-09-20 12:24:00,18.155
2018-09-20 12:25:00,18.16
2018-09-20 12:26:00,18.15
2018-09-20 12:27:00,18.14
2018-09-20 12:28:00,18.15
2018-09-20 12:29:00,18.14
2018-09-20 12:30:00,18.14
2018-09-20 12:31:00,18.135
2018-09-20 12:32:00,18.13
2018-09-20 12:33:00,18.135
2018-09-20 12:34:00,18.15
2018-09-20 12:35:00,18.17
2018-09-20 12:36:00,18.171
2018-09-20 12:37:00,18.175
2018-09-20 12:38:00,18.17
2018-09-20 12:39:00,18.16
2018-09-20 12:40:00,18.16
2018-09-20 12:41:00,18.1572
2018-09-20 12:42:00,18.16
2018-09-20 12:43:00,18.17
2018-09-20 12:44:00,18.18
2018-09-20 12:45:00,18.185
2018-09-20 12:46:00,18.2
2018-09-20 12:47:00,18.21
2018-09-20 12:48:00,18.225
2018-09-20 12:49:00,18.23
2018-09-20 12:50:00,18.23
2018-09-20 12:51:00,18.23
2018-09-20 12:52:00,18.23
2018-09-20 12:53:00,18.235
2018-09-20 12:54:00,18.24
2018-09-20 12:55:00,18.21
2018-09-20 12:56:00,18.21
2018-09-20 12:57:00,18.22
2018-09-20 12:58:00,18.22
2018-09-20 12:59:00,18.24
2018-09-20 13:00:00,18.23
2018-09-20 13:01:00,18.23
2018-09-20 13:02:00,18.23
2018-09-20 13:03:00,18.22
2018-09-20 13:04:00,18.23
2018-09-20 13:05:00,18.225
2018-09-20 13:06:00,18.225
2018-09-20 13:07:00,18.225
2018-09-20 13:08:00,18.205
2018-09-20 13:09:00,18.205
2018-09-20 13:10:00,18.215
2018-09-20 13:11:00,18.21
2018-09-20 13:12:00,18.22
2018-09-20 13:13:00,18.22
2018-09-20 13:14:00,18.22
2018-09-20 13:15:00,18.22
2018-09-20 13:16:00,18.21
2018-09-20 13:17:00,18.21
2018-09-20 13:18:00,18.2
2018-09-20 13:19:00,18.2
2018-09-20 13:20:00,18.205
2018-09-20 13:21:00,18.205
2018-09-20 13:22:00,18.21
2018-09-20 13:23:00,18.2015
2018-09-20 13:24:00,18.2
2018-09-20 13:25:00,18.195
2018-09-20 13:26:00,18.2
2018-09-20 13:27:00,18.185
2018-09-20 13:28:00,18.185
2018-09-20 13:29:00,18.175
2018-09-20 13:30:00,18.18
2018-09-20 13:31:00,18.16
2018-09-20 13:32:00,18.15
2018-09-20 13:33:00,18.15
2018-09-20 13:34:00,18.1446
2018-09-20 13:35:00,18.14
2018-09-20 13:36:00,18.115
2018-09-20 13:37:00,18.12
2018-09-20 13:38:00,18.12
2018-09-20 13:39:00,18.13
2018-09-20 13:40:00,18.14
2018-09-20 13:41:00,18.13
2018-09-20 13:42:00,18.13
2018-09-20 13:43:00,18.135
2018-09-20 13:44:00,18.145
2018-09-20 13:45:00,18.15
2018-09-20 13:46:00,18.14
2018-09-20 13:47:00,18.145
2018-09-20 13:48:00,18.14
2018-09-20 13:49:00,18.14
2018-09-20 13:50:00,18.1335
2018-09-20 13:51:00,18.135
2018-09-20 13:52:00,18.125
2018-09-20 13:53:00,18.135
2018-09-20 13:54:00,18.135
2018-09-20 13:55:00,18.1338
2018-09-20 13:56:00,18.135
2018-09-20 13:57:00,18.135
2018-09-20 13:58:00,18.14
2018-09-20 13:59:00,18.12
2018-09-20 14:00:00,18.125
2018-09-20 14:01:00,18.1226
2018-09-20 14:02:00,18.125
2018-09-20 14:03:00,18.12
2018-09-20 14:04:00,18.115
2018-09-20 14:05:00,18.11
2018-09-20 14:06:00,18.09
2018-09-20 14:07:00,18.08
2018-09-20 14:08:00,18.08
2018-09-20 14:09:00,18.085
2018-09-20 14:10:00,18.0747
2018-09-20 14:11:00,18.08
2018-09-20 14:12:00,18.075
2018-09-20 14:13:00,18.08
2018-09-20 14:14:00,18.075
2018-09-20 14:15:00,18.07
2018-09-20 14:16:00,18.075
2018-09-20 14:17:00,18.08
2018-09-20 14:18:00,18.07
2018-09-20 14:19:00,18.08
2018-09-20 14:20:00,18.0701
2018-09-20 14:21:00,18.05
2018-09-20 14:22:00,18.05
2018-09-20 14:23:00,18.05
2018-09-20 14:24:00,18.055
2018-09-20 14:25:00,18.05
2018-09-20 14:26:00,18.04
2018-09-20 14:27:00,18.05
2018-09-20 14:28:00,18.059
2018-09-20 14:29:00,18.05
2018-09-20 14:30:00,18.0501
2018-09-20 14:31:00,18.06
2018-09-20 14:32:00,18.07
2018-09-20 14:33:00,18.08
2018-09-20 14:34:00,18.08
2018-09-20 14:35:00,18.08
2018-09-20 14:36:00,18.085
2018-09-20 14:37:00,18.09
2018-09-20 14:38:00,18.0849
2018-09-20 14:39:00,18.07
2018-09-20 14:40:00,18.055
2018-09-20 14:41:00,18.055
2018-09-20 14:42:00,18.055
2018-09-20 14:43:00,18.06
2018-09-20 14:44:00,18.055
2018-09-20 14:45:00,18.055
2018-09-20 14:46:00,18.055
2018-09-20 14:47:00,18.06
2018-09-20 14:48:00,18.055
2018-09-20 14:49:00,18.055
2018-09-20 14:50:00,18.055
2018-09-20 14:51:00,18.04
2018-09-20 14:52:00,18.02
2018-09-20 14:53:00,18.02
2018-09-20 14:54:00,18.025
2018-09-20 14:55:00,18.022
2018-09-20 14:56:00,18.04
2018-09-20 14:57:00,18.025
2018-09-20 14:58:00,18.03
2018-09-20 14:59:00,18.035
2018-09-20 15:00:00,18.045
2018-09-20 15:01:00,18.04
2018-09-20 15:02:00,18.05
2018-09-20 15:03:00,18.045
2018-09-20 15:04:00,18.04
2018-09-20 15:05:00,18.04
2018-09-20 15:06:00,18.0433
2018-09-20 15:07:00,18.045
2018-09-20 15:08:00,18.055
2018-09-20 15:09:00,18.06
2018-09-20 15:10:00,18.0501
2018-09-20 15:11:00,18.06
2018-09-20 15:12:00,18.065
2018-09-20 15:13:00,18.07
2018-09-20 15:14:00,18.065
2018-09-20 15:15:00,18.065
2018-09-20 15:16:00,18.0799
2018-09-20 15:17:00,18.081
2018-09-20 15:18:00,18.0743
2018-09-20 15:19:00,18.07
2018-09-20 15:20:00,18.075
2018-09-20 15:21:00,18.07
2018-09-20 15:22:00,18.065
2018-09-20 15:23:00,18.07
2018-09-20 15:24:00,18.06
2018-09-20 15:25:00,18.0647
2018-09-20 15:26:00,18.065
2018-09-20 15:27:00,18.06
2018-09-20 15:28:00,18.065
2018-09-20 15:29:00,18.065
2018-09-20 15:30:00,18.07
2018-09-20 15:31:00,18.09
2018-09-20 15:32:00,18.09
2018-09-20 15:33:00,18.1
2018-09-20 15:34:00,18.09
2018-09-20 15:35:00,18.095
2018-09-20 15:36:00,18.1
2018-09-20 15:37:00,18.1
2018-09-20 15:38:00,18.095
2018-09-20 15:39:00,18.095
2018-09-20 15:40:00,18.09
2018-09-20 15:41:00,18.085
2018-09-20 15:42:00,18.085
2018-09-20 15:43:00,18.075
2018-09-20 15:44:00,18.045
2018-09-20 15:45:00,18.04
2018-09-20 15:46:00,18.06
2018-09-20 15:47:00,18.065
2018-09-20 15:48:00,18.065
2018-09-20 15:49:00,18.065
2018-09-20 15:50:00,18.07
2018-09-20 15:51:00,18.065
2018-09-20 15:52:00,18.07
2018-09-20 15:53:00,18.065
2018-09-20 15:54:00,18.06
2018-09-20 15:55:00,18.065
2018-09-20 15:56:00,18.055
2018-09-20 15:57:00,18.035
2018-09-20 15:58:00,18.04
2018-09-20 15:59:00,18.04
2018-09-21 09:31:00,18.03
2018-09-21 09:32:00,18.02
2018-09-21 09:33:00,18.025
2018-09-21 09:34:00,18.03
2018-09-21 09:35:00,18.035
2018-09-21 09:36:00,18.06
2018-09-21 09:37:00,18.025
2018-09-21 09:38:00,18.02
2018-09-21 09:39:00,18.01
2018-09-21 09:40:00,18.0
2018-09-21 09:41:00,18.02
2018-09-21 09:42:00,18.02
2018-09-21 09:43:00,18.0
2018-09-21 09:44:00,18.0
2018-09-21 09:45:00,18.0
2018-09-21 09:46:00,18.0
2018-09-21 09:47:00,18.0
2018-09-21 09:48:00,18.01
2018-09-21 09:49:00,18.01
2018-09-21 09:50:00,18.01
2018-09-21 09:51:00,18.02
2018-09-21 09:52:00,18.01
2018-09-21 09:53:00,18.01
2018-09-21 09:54:00,18.01
2018-09-21 09:55:00,18.01
2018-09-21 09:56:00,18.01
2018-09-21 09:57:00,18.004
2018-09-21 09:58:00,18.01
2018-09-21 09:59:00,18.01
2018-09-21 10:00:00,18.02
2018-09-21 10:01:00,18.05
2018-09-21 10:02:00,18.04
2018-09-21 10:03:00,18.0499
2018-09-21 10:04:00,18.05
2018-09-21 10:05:00,18.07
2018-09-21 10:06:00,18.07
2018-09-21 10:07:00,18.065
2018-09-21 10:08:00,18.055
2018-09-21 10:09:00,18.06
2018-09-21 10:10:00,18.0569
2018-09-21 10:11:00,18.05
2018-09-21 10:12:00,18.06
2018-09-21 10:13:00,18.06
2018-09-21 10:14:00,18.08
2018-09-21 10:15:00,18.084
2018-09-21 10:16:00,18.085
2018-09-21 10:17:00,18.08
2018-09-21 10:18:00,18.095
2018-09-21 10:19:00,18.08
2018-09-21 10:20:00,18.09
2018-09-21 10:21:00,18.105
2018-09-21 10:22:00,18.09
2018-09-21 10:23:00,18.11
2018-09-21 10:24:00,18.11
2018-09-21 10:25:00,18.12
2018-09-21 10:26:00,18.12
2018-09-21 10:27:00,18.13
2018-09-21 10:28:00,18.13
2018-09-21 10:29:00,18.14
2018-09-21 10:30:00,18.15
2018-09-21 10:31:00,18.145
2018-09-21 10:32:00,18.13
2018-09-21 10:33:00,18.135
2018-09-21 10:34:00,18.13
2018-09-21 10:35:00,18.14
2018-09-21 10:36:00,18.16
2018-09-21 10:37:00,18.18
2018-09-21 10:38:00,18.17
2018-09-21 10:39:00,18.17
2018-09-21 10:40:00,18.19
2018-09-21 10:41:00,18.19
2018-09-21 10:42:00,18.19
2018-09-21 10:43:00,18.175
2018-09-21 10:44:00,18.165
2018-09-21 10:45:00,18.16
2018-09-21 10:46:00,18.15
2018-09-21 10:47:00,18.15
2018-09-21 10:48:00,18.15
2018-09-21 10:49:00,18.15
2018-09-21 10:50:00,18.14
2018-09-21 10:51:00,18.14
2018-09-21 10:52:00,18.14
2018-09-21 10:53:00,18.135
2018-09-21 10:54:00,18.125
2018-09-21 10:55:00,18.12
2018-09-21 10:56:00,18.115
2018-09-21 10:57:00,18.1
2018-09-21 10:58:00,18.11
2018-09-21 10:59:00,18.11
2018-09-21 11:00:00,18.1143
2018-09-21 11:01:00,18.11
2018-09-21 11:02:00,18.1
2018-09-21 11:03:00,18.115
2018-09-21 11:04:00,18.115
2018-09-21 11:05:00,18.11
2018-09-21 11:06:00,18.11
2018-09-21 11:07:00,18.115
2018-09-21 11:08:00,18.12
2018-09-21 11:09:00,18.12
2018-09-21 11:10:00,18.12
2018-09-21 11:11:00,18.11
2018-09-21 11:12:00,18.11
2018-09-21 11:13:00,18.11
2018-09-21 11:14:00,18.11
2018-09-21 11:15:00,18.105
2018-09-21 11:16:00,18.1
2018-09-21 11:17:00,18.1
2018-09-21 11:18:00,18.11
2018-09-21 11:19:00,18.11
2018-09-21 11:20:00,18.105
2018-09-21 11:21:00,18.105
2018-09-21 11:22:00,18.1
2018-09-21 11:23:00,18.1
2018-09-21 11:24:00,18.11
2018-09-21 11:25:00,18.109
2018-09-21 11:26:00,18.11
2018-09-21 11:27:00,18.11
2018-09-21 11:28:00,18.115
2018-09-21 11:30:00,18.12
2018-09-21 11:31:00,18.12
2018-09-21 11:32:00,18.12
2018-09-21 11:33:00,18.12
2018-09-21 11:34:00,18.1199
2018-09-21 11:35:00,18.095
2018-09-21 11:36:00,18.105
2018-09-21 11:37:00,18.105
2018-09-21 11:38:00,18.1046
2018-09-21 11:39:00,18.11
2018-09-21 11:40:00,18.12
2018-09-21 11:41:00,18.12
2018-09-21 11:42:00,18.115
2018-09-21 11:43:00,18.11
2018-09-21 11:44:00,18.11
2018-09-21 11:45:00,18.11
2018-09-21 11:46:00,18.11
2018-09-21 11:47:00,18.1144
2018-09-21 11:48:00,18.12
2018-09-21 11:49:00,18.12
2018-09-21 11:50:00,18.1164
2018-09-21 11:51:00,18.11
2018-09-21 11:52:00,18.11
2018-09-21 11:53:00,18.11
2018-09-21 11:54:00,18.12
2018-09-21 11:55:00,18.11
2018-09-21 11:56:00,18.11
2018-09-21 11:57:00,18.11
2018-09-21 11:58:00,18.11
2018-09-21 11:59:00,18.1
2018-09-21 12:00:00,18.1
2018-09-21 12:01:00,18.11
2018-09-21 12:02:00,18.11
2018-09-21 12:03:00,18.106
2018-09-21 12:04:00,18.11
2018-09-21 12:05:00,18.11
2018-09-21 12:06:00,18.1085
2018-09-21 12:07:00,18.11
2018-09-21 12:08:00,18.11
2018-09-21 12:09:00,18.12
2018-09-21 12:10:00,18.12
2018-09-21 12:11:00,18.115
2018-09-21 12:12:00,18.11
2018-09-21 12:13:00,18.11
2018-09-21 12:14:00,18.11
2018-09-21 12:15:00,18.11
2018-09-21 12:16:00,18.11
2018-09-21 12:17:00,18.109
2018-09-21 12:18:00,18.11
2018-09-21 12:19:00,18.105
2018-09-21 12:20:00,18.09
2018-09-21 12:21:00,18.09
2018-09-21 12:22:00,18.09
2018-09-21 12:23:00,18.09
2018-09-21 12:24:00,18.11
2018-09-21 12:26:00,18.106
2018-09-21 12:27:00,18.11
2018-09-21 12:28:00,18.11
2018-09-21 12:29:00,18.11
2018-09-21 12:30:00,18.12
2018-09-21 12:31:00,18.12
2018-09-21 12:32:00,18.12
2018-09-21 12:33:00,18.12
2018-09-21 12:34:00,18.12
2018-09-21 12:35:00,18.12
2018-09-21 12:36:00,18.12
2018-09-21 12:37:00,18.115
2018-09-21 12:38:00,18.12
2018-09-21 12:39:00,18.11
2018-09-21 12:40:00,18.12
2018-09-21 12:41:00,18.12
2018-09-21 12:42:00,18.11
2018-09-21 12:43:00,18.095
2018-09-21 12:44:00,18.11
2018-09-21 12:45:00,18.115
2018-09-21 12:46:00,18.1137
2018-09-21 12:47:00,18.1101
2018-09-21 12:48:00,18.12
2018-09-21 12:49:00,18.12
2018-09-21 12:50:00,18.12
2018-09-21 12:51:00,18.12
2018-09-21 12:52:00,18.115
2018-09-21 12:53:00,18.115
2018-09-21 12:54:00,18.12
2018-09-21 12:55:00,18.12
2018-09-21 12:56:00,18.1101
2018-09-21 12:57:00,18.1178
2018-09-21 12:58:00,18.12
2018-09-21 12:59:00,18.11
2018-09-21 13:00:00,18.11
2018-09-21 13:01:00,18.11
2018-09-21 13:02:00,18.12
2018-09-21 13:03:00,18.12
2018-09-21 13:04:00,18.12
2018-09-21 13:05:00,18.125
2018-09-21 13:06:00,18.12
2018-09-21 13:07:00,18.13
2018-09-21 13:09:00,18.13
2018-09-21 13:10:00,18.13
2018-09-21 13:11:00,18.125
2018-09-21 13:12:00,18.125
2018-09-21 13:13:00,18.13
2018-09-21 13:14:00,18.125
2018-09-21 13:15:00,18.125
2018-09-21 13:16:00,18.14
2018-09-21 13:17:00,18.14
2018-09-21 13:18:00,18.14
2018-09-21 13:19:00,18.14
2018-09-21 13:20:00,18.135
2018-09-21 13:21:00,18.135
2018-09-21 13:22:00,18.1316
2018-09-21 13:23:00,18.135
2018-09-21 13:24:00,18.135
2018-09-21 13:25:00,18.14
2018-09-21 13:26:00,18.14
2018-09-21 13:27:00,18.14
2018-09-21 13:28:00,18.1355
2018-09-21 13:29:00,18.13
2018-09-21 13:30:00,18.12
2018-09-21 13:31:00,18.13
2018-09-21 13:32:00,18.13
2018-09-21 13:33:00,18.13
2018-09-21 13:34:00,18.1215
2018-09-21 13:35:00,18.1264
2018-09-21 13:36:00,18.13
2018-09-21 13:37:00,18.13
2018-09-21 13:38:00,18.125
2018-09-21 13:39:00,18.13
2018-09-21 13:40:00,18.135
2018-09-21 13:41:00,18.13
2018-09-21 13:42:00,18.135
2018-09-21 13:43:00,18.14
2018-09-21 13:44:00,18.14
2018-09-21 13:45:00,18.135
2018-09-21 13:46:00,18.1258
2018-09-21 13:47:00,18.12
2018-09-21 13:48:00,18.125
