2018-09-17 09:30:00,169.15
2018-09-17 09:33:00,168.575
2018-09-17 09:34:00,168.5838
2018-09-17 09:35:00,168.08
2018-09-17 09:36:00,167.99
2018-09-17 09:37:00,168.22
2018-09-17 09:38:00,168.14
2018-09-17 09:39:00,168.38
2018-09-17 09:41:00,167.95
2018-09-17 09:42:00,167.68
2018-09-17 09:44:00,167.27
2018-09-17 09:45:00,167.87
2018-09-17 09:46:00,168.3
2018-09-17 09:47:00,168.295
2018-09-17 09:49:00,167.9546
2018-09-17 09:50:00,168.0
2018-09-17 09:51:00,167.48
2018-09-17 09:52:00,167.34
2018-09-17 09:53:00,167.7
2018-09-17 09:54:00,167.645
2018-09-17 09:55:00,167.44
2018-09-17 09:56:00,167.44
2018-09-17 09:57:00,167.5703
2018-09-17 09:58:00,166.98
2018-09-17 09:59:00,167.04
2018-09-17 10:00:00,166.98
2018-09-17 10:01:00,166.56
2018-09-17 10:02:00,166.8934
2018-09-17 10:03:00,166.63
2018-09-17 10:04:00,166.22
2018-09-17 10:05:00,166.63
2018-09-17 10:06:00,165.8493
2018-09-17 10:07:00,165.75
2018-09-17 10:08:00,165.81
2018-09-17 10:10:00,166.1991
2018-09-17 10:11:00,166.09
2018-09-17 10:12:00,165.92
2018-09-17 10:13:00,165.87
2018-09-17 10:15:00,165.83
2018-09-17 10:16:00,165.8262
2018-09-17 10:17:00,166.13
2018-09-17 10:18:00,165.96
2018-09-17 10:20:00,165.9682
2018-09-17 10:21:00,166.36
2018-09-17 10:22:00,166.58
2018-09-17 10:23:00,166.425
2018-09-17 10:24:00,166.2
2018-09-17 10:26:00,166.2644
2018-09-17 10:27:00,166.07
2018-09-17 10:28:00,166.14
2018-09-17 10:29:00,166.24
2018-09-17 10:30:00,166.11
2018-09-17 10:32:00,166.19
2018-09-17 10:33:00,166.07
2018-09-17 10:34:00,165.985
2018-09-17 10:35:00,165.91
2018-09-17 10:36:00,165.97
2018-09-17 10:38:00,166.14
2018-09-17 10:39:00,166.0406
2018-09-17 10:41:00,166.53
2018-09-17 10:42:00,166.55
2018-09-17 10:43:00,166.46
2018-09-17 10:44:00,166.43
2018-09-17 10:45:00,166.4
2018-09-17 10:46:00,166.56
2018-09-17 10:48:00,166.27
2018-09-17 10:49:00,166.13
2018-09-17 10:50:00,166.35
2018-09-17 10:51:00,166.52
2018-09-17 10:52:00,166.398
2018-09-17 10:53:00,166.34
2018-09-17 10:54:00,166.47
2018-09-17 10:55:00,166.39
2018-09-17 10:56:00,166.5
2018-09-17 10:57:00,166.475
2018-09-17 10:58:00,166.68
2018-09-17 10:59:00,166.76
2018-09-17 11:00:00,166.9
2018-09-17 11:01:00,167.02
2018-09-17 11:02:00,167.06
2018-09-17 11:03:00,167.23
2018-09-17 11:04:00,167.265
2018-09-17 11:05:00,167.13
2018-09-17 11:06:00,166.86
2018-09-17 11:08:00,166.89
2018-09-17 11:09:00,166.96
2018-09-17 11:10:00,167.15
2018-09-17 11:11:00,167.08
2018-09-17 11:12:00,167.04
2018-09-17 11:13:00,167.139
2018-09-17 11:14:00,166.97
2018-09-17 11:15:00,166.92
2018-09-17 11:16:00,166.89
2018-09-17 11:17:00,166.79
2018-09-17 11:19:00,167.045
2018-09-17 11:20:00,167.0
2018-09-17 11:22:00,166.97
2018-09-17 11:23:00,167.01
2018-09-17 11:24:00,167.1
2018-09-17 11:25:00,167.11
2018-09-17 11:26:00,167.17
2018-09-17 11:27:00,166.99
2018-09-17 11:28:00,167.02
2018-09-17 11:29:00,167.02
2018-09-17 11:30:00,167.06
2018-09-17 11:31:00,167.16
2018-09-17 11:32:00,167.06
2018-09-17 11:33:00,167.06
2018-09-17 11:34:00,167.21
2018-09-17 11:35:00,167.37
2018-09-17 11:36:00,167.39
2018-09-17 11:37:00,167.53
2018-09-17 11:38:00,167.52
2018-09-17 11:39:00,167.4
2018-09-17 11:40:00,167.44
2018-09-17 11:41:00,167.55
2018-09-17 11:42:00,167.45
2018-09-17 11:43:00,167.48
2018-09-17 11:44:00,167.38
2018-09-17 11:45:00,167.42
2018-09-17 11:47:00,167.13
2018-09-17 11:48:00,167.14
2018-09-17 11:49:00,167.23
2018-09-17 11:50:00,167.32
2018-09-17 11:51:00,167.28
2018-09-17 11:52:00,167.33
2018-09-17 11:53:00,167.42
2018-09-17 11:54:00,167.51
2018-09-17 11:55:00,167.51
2018-09-17 11:56:00,167.52
2018-09-17 11:58:00,167.2
2018-09-17 11:59:00,166.97
2018-09-17 12:01:00,166.7445
2018-09-17 12:02:00,166.37
2018-09-17 12:03:00,166.55
2018-09-17 12:05:00,166.5
2018-09-17 12:07:00,166.24
2018-09-17 12:08:00,166.22
2018-09-17 12:11:00,166.11
2018-09-17 12:12:00,166.2
2018-09-17 12:13:00,166.03
2018-09-17 12:14:00,165.98
2018-09-17 12:15:00,165.9758
2018-09-17 12:16:00,166.14
2018-09-17 12:17:00,166.18
2018-09-17 12:18:00,166.16
2018-09-17 12:20:00,166.1822
2018-09-17 12:21:00,165.95
2018-09-17 12:22:00,166.03
2018-09-17 12:23:00,166.1
2018-09-17 12:25:00,166.37
2018-09-17 12:26:00,166.3
2018-09-17 12:27:00,166.26
2018-09-17 12:28:00,166.24
2018-09-17 12:29:00,166.24
2018-09-17 12:30:00,166.225
2018-09-17 12:32:00,166.14
2018-09-17 12:33:00,166.15
2018-09-17 12:35:00,166.21
2018-09-17 12:36:00,166.31
2018-09-17 12:38:00,166.32
2018-09-17 12:40:00,166.3
2018-09-17 12:41:00,166.29
2018-09-17 12:42:00,166.28
2018-09-17 12:43:00,166.31
2018-09-17 12:45:00,166.2825
2018-09-17 12:46:00,166.24
2018-09-17 12:47:00,166.21
2018-09-17 12:48:00,166.29
2018-09-17 12:50:00,166.345
2018-09-17 12:51:00,166.32
2018-09-17 12:52:00,166.23
2018-09-17 12:53:00,166.26
2018-09-17 12:54:00,166.2
2018-09-17 12:55:00,165.93
2018-09-17 12:56:00,165.94
2018-09-17 12:57:00,166.05
2018-09-17 12:59:00,166.02
2018-09-17 13:00:00,165.85
2018-09-17 13:01:00,165.54
2018-09-17 13:02:00,165.24
2018-09-17 13:03:00,165.25
2018-09-17 13:04:00,165.195
2018-09-17 13:05:00,165.09
2018-09-17 13:06:00,164.521
2018-09-17 13:07:00,164.51
2018-09-17 13:08:00,164.74
2018-09-17 13:10:00,164.81
2018-09-17 13:11:00,164.7594
2018-09-17 13:12:00,164.89
2018-09-17 13:13:00,164.7
2018-09-17 13:14:00,164.74
2018-09-17 13:16:00,164.82
2018-09-17 13:17:00,165.1
2018-09-17 13:18:00,165.12
2018-09-17 13:20:00,165.09
2018-09-17 13:21:00,165.11
2018-09-17 13:22:00,164.9998
2018-09-17 13:24:00,165.06
2018-09-17 13:25:00,165.26
2018-09-17 13:26:00,165.22
2018-09-17 13:27:00,165.25
2018-09-17 13:29:00,165.25
2018-09-17 13:30:00,165.25
2018-09-17 13:31:00,165.21
2018-09-17 13:32:00,165.19
2018-09-17 13:33:00,165.33
2018-09-17 13:34:00,165.56
2018-09-17 13:35:00,165.33
2018-09-17 13:36:00,165.33
2018-09-17 13:37:00,165.4
2018-09-17 13:38:00,165.46
2018-09-17 13:39:00,165.31
2018-09-17 13:40:00,165.33
2018-09-17 13:41:00,165.3
2018-09-17 13:42:00,165.43
2018-09-17 13:45:00,165.42
2018-09-17 13:46:00,165.52
2018-09-17 13:47:00,165.56
2018-09-17 13:48:00,165.57
2018-09-17 13:50:00,165.35
2018-09-17 13:51:00,165.51
2018-09-17 13:52:00,165.585
2018-09-17 13:54:00,165.6573
2018-09-17 13:55:00,165.79
2018-09-17 13:56:00,165.69
2018-09-17 13:57:00,165.51
2018-09-17 13:58:00,165.49
2018-09-17 13:59:00,165.35
2018-09-17 14:00:00,165.24
2018-09-17 14:01:00,165.14
2018-09-17 14:02:00,165.32
2018-09-17 14:03:00,165.365
2018-09-17 14:04:00,165.44
2018-09-17 14:05:00,165.53
2018-09-17 14:06:00,165.64
2018-09-17 14:07:00,165.657
2018-09-17 14:08:00,165.66
2018-09-17 14:09:00,165.65
2018-09-17 14:10:00,165.74
2018-09-17 14:11:00,165.7625
2018-09-17 14:12:00,165.83
2018-09-17 14:13:00,165.82
2018-09-17 14:15:00,165.7619
2018-09-17 14:16:00,165.66
2018-09-17 14:17:00,165.78
2018-09-17 14:18:00,165.77
2018-09-17 14:20:00,165.725
2018-09-17 14:21:00,165.79
2018-09-17 14:22:00,165.91
2018-09-17 14:23:00,165.86
2018-09-17 14:24:00,165.78
2018-09-17 14:25:00,165.8621
2018-09-17 14:26:00,166.07
2018-09-17 14:27:00,165.9213
2018-09-17 14:28:00,166.0
2018-09-17 14:29:00,165.88
2018-09-17 14:30:00,165.87
2018-09-17 14:32:00,166.0
2018-09-17 14:33:00,165.975
2018-09-17 14:34:00,165.96
2018-09-17 14:35:00,166.02
2018-09-17 14:36:00,166.09
2018-09-17 14:38:00,166.18
2018-09-17 14:39:00,166.1
2018-09-17 14:40:00,166.0904
2018-09-17 14:41:00,166.01
2018-09-17 14:43:00,166.08
2018-09-17 14:44:00,166.06
2018-09-17 14:45:00,166.0
2018-09-17 14:46:00,166.06
2018-09-17 14:47:00,166.01
2018-09-17 14:48:00,166.04
2018-09-17 14:49:00,166.0
2018-09-17 14:50:00,166.0
2018-09-17 14:51:00,166.005
2018-09-17 14:52:00,166.03
2018-09-17 14:53:00,166.02
2018-09-17 14:54:00,166.0
2018-09-17 14:55:00,165.85
2018-09-17 14:56:00,165.938
2018-09-17 14:57:00,165.93
2018-09-17 14:58:00,165.75
2018-09-17 14:59:00,165.655
2018-09-17 15:00:00,165.82
2018-09-17 15:02:00,165.8415
2018-09-17 15:03:00,165.83
2018-09-17 15:04:00,165.86
2018-09-17 15:05:00,165.88
2018-09-17 15:06:00,165.8
2018-09-17 15:07:00,165.66
2018-09-17 15:08:00,165.75
2018-09-17 15:10:00,165.67
2018-09-17 15:11:00,165.72
2018-09-17 15:12:00,165.71
2018-09-17 15:13:00,165.75
2018-09-17 15:14:00,165.68
2018-09-17 15:15:00,165.44
2018-09-17 15:16:00,165.3625
2018-09-17 15:17:00,165.46
2018-09-17 15:18:00,165.55
2018-09-17 15:19:00,165.48
2018-09-17 15:20:00,165.31
2018-09-17 15:21:00,165.32
2018-09-17 15:22:00,165.33
2018-09-17 15:23:00,165.38
2018-09-17 15:24:00,165.39
2018-09-17 15:25:00,165.39
2018-09-17 15:26:00,165.42
2018-09-17 15:27:00,165.54
2018-09-17 15:28:00,165.6337
2018-09-17 15:29:00,165.49
2018-09-17 15:30:00,165.45
2018-09-17 15:31:00,165.42
2018-09-17 15:32:00,165.59
2018-09-17 15:33:00,165.49
2018-09-17 15:34:00,165.35
2018-09-17 15:35:00,165.39
2018-09-17 15:36:00,165.37
2018-09-17 15:37:00,165.28
2018-09-17 15:38:00,165.27
2018-09-17 15:39:00,165.28
2018-09-17 15:40:00,165.21
2018-09-17 15:41:00,165.07
2018-09-17 15:42:00,165.01
2018-09-17 15:43:00,165.08
2018-09-17 15:44:00,165.08
2018-09-17 15:45:00,165.14
2018-09-17 15:46:00,165.12
2018-09-17 15:47:00,165.17
2018-09-17 15:48:00,165.12
2018-09-17 15:49:00,165.135
2018-09-17 15:50:00,165.07
2018-09-17 15:51:00,165.1
2018-09-17 15:52:00,165.1
2018-09-17 15:53:00,165.0199
2018-09-17 15:54:00,164.93
2018-09-17 15:55:00,164.97
2018-09-17 15:56:00,164.93
2018-09-17 15:57:00,164.83
2018-09-17 15:58:00,164.8
2018-09-17 15:59:00,164.95
2018-09-18 09:31:00,165.525
2018-09-18 09:33:00,166.23
2018-09-18 09:34:00,166.9412
2018-09-18 09:35:00,167.0
2018-09-18 09:36:00,166.745
2018-09-18 09:37:00,166.5895
2018-09-18 09:38:00,166.58
2018-09-18 09:41:00,166.64
2018-09-18 09:42:00,167.0466
2018-09-18 09:43:00,167.0594
2018-09-18 09:44:00,167.16
2018-09-18 09:45:00,167.08
2018-09-18 09:46:00,167.07
2018-09-18 09:47:00,166.75
2018-09-18 09:48:00,166.69
2018-09-18 09:50:00,166.09
2018-09-18 09:51:00,166.0
2018-09-18 09:52:00,166.43
2018-09-18 09:53:00,166.28
2018-09-18 09:54:00,166.15
2018-09-18 09:55:00,166.39
2018-09-18 09:56:00,166.18
2018-09-18 09:57:00,166.29
2018-09-18 09:58:00,166.03
2018-09-18 09:59:00,165.14
2018-09-18 10:01:00,164.985
2018-09-18 10:02:00,164.6566
2018-09-18 10:03:00,164.93
2018-09-18 10:04:00,165.06
2018-09-18 10:05:00,165.1
2018-09-18 10:06:00,165.06
2018-09-18 10:07:00,164.7502
2018-09-18 10:08:00,165.0
2018-09-18 10:09:00,164.92
2018-09-18 10:10:00,164.94
2018-09-18 10:12:00,165.29
2018-09-18 10:13:00,165.75
2018-09-18 10:14:00,165.76
2018-09-18 10:15:00,165.76
2018-09-18 10:16:00,166.035
2018-09-18 10:17:00,166.09
2018-09-18 10:18:00,166.09
2018-09-18 10:19:00,166.185
2018-09-18 10:21:00,166.16
2018-09-18 10:22:00,165.85
2018-09-18 10:23:00,165.695
2018-09-18 10:24:00,165.81
2018-09-18 10:25:00,165.82
2018-09-18 10:27:00,165.8
2018-09-18 10:28:00,165.64
2018-09-18 10:30:00,165.71
2018-09-18 10:32:00,165.67
2018-09-18 10:33:00,165.63
2018-09-18 10:34:00,165.5575
2018-09-18 10:35:00,165.65
2018-09-18 10:36:00,165.81
2018-09-18 10:37:00,165.97
2018-09-18 10:38:00,165.93
2018-09-18 10:40:00,166.09
2018-09-18 10:41:00,166.12
2018-09-18 10:42:00,166.02
2018-09-18 10:43:00,166.15
2018-09-18 10:44:00,166.23
2018-09-18 10:45:00,166.36
2018-09-18 10:47:00,166.435
2018-09-18 10:48:00,166.295
2018-09-18 10:49:00,166.3801
2018-09-18 10:50:00,166.23
2018-09-18 10:52:00,166.18
2018-09-18 10:53:00,166.18
2018-09-18 10:54:00,165.89
2018-09-18 10:56:00,165.8822
2018-09-18 10:57:00,165.56
2018-09-18 10:58:00,165.54
2018-09-18 10:59:00,165.48
2018-09-18 11:00:00,166.01
2018-09-18 11:02:00,165.93
2018-09-18 11:03:00,165.77
2018-09-18 11:04:00,165.81
2018-09-18 11:05:00,165.98
2018-09-18 11:07:00,166.07
2018-09-18 11:08:00,166.18
2018-09-18 11:09:00,166.07
2018-09-18 11:10:00,165.99
2018-09-18 11:12:00,165.43
2018-09-18 11:13:00,165.39
2018-09-18 11:14:00,165.53
2018-09-18 11:16:00,165.7827
2018-09-18 11:17:00,165.89
2018-09-18 11:18:00,165.78
2018-09-18 11:20:00,165.785
2018-09-18 11:22:00,165.8949
2018-09-18 11:23:00,165.67
2018-09-18 11:24:00,165.82
2018-09-18 11:26:00,165.79
2018-09-18 11:27:00,165.87
2018-09-18 11:28:00,165.72
2018-09-18 11:29:00,165.949
2018-09-18 11:31:00,166.045
2018-09-18 11:32:00,165.65
2018-09-18 11:33:00,165.7
2018-09-18 11:34:00,165.71
2018-09-18 11:35:00,165.64
2018-09-18 11:37:00,165.4551
2018-09-18 11:38:00,165.38
2018-09-18 11:39:00,165.45
2018-09-18 11:41:00,165.49
2018-09-18 11:42:00,165.52
2018-09-18 11:43:00,165.27
2018-09-18 11:45:00,165.18
2018-09-18 11:46:00,165.175
2018-09-18 11:47:00,165.0701
2018-09-18 11:48:00,165.11
2018-09-18 11:49:00,165.13
2018-09-18 11:50:00,164.99
2018-09-18 11:51:00,164.915
2018-09-18 11:53:00,164.955
2018-09-18 11:54:00,164.97
2018-09-18 11:55:00,165.42
2018-09-18 11:56:00,165.4
2018-09-18 11:57:00,165.325
2018-09-18 11:58:00,165.41
2018-09-18 11:59:00,165.425
2018-09-18 12:00:00,165.48
2018-09-18 12:01:00,165.7
2018-09-18 12:03:00,165.65
2018-09-18 12:04:00,165.9
2018-09-18 12:05:00,165.99
2018-09-18 12:06:00,166.12
2018-09-18 12:07:00,166.16
2018-09-18 12:08:00,165.97
2018-09-18 12:09:00,165.86
2018-09-18 12:10:00,165.9
2018-09-18 12:11:00,165.75
2018-09-18 12:13:00,165.8
2018-09-18 12:14:00,165.81
2018-09-18 12:15:00,165.7
2018-09-18 12:17:00,165.56
2018-09-18 12:19:00,165.55
2018-09-18 12:20:00,165.42
2018-09-18 12:22:00,165.42
2018-09-18 12:23:00,165.3974
2018-09-18 12:24:00,165.34
2018-09-18 12:25:00,165.32
2018-09-18 12:26:00,165.41
2018-09-18 12:27:00,165.48
2018-09-18 12:28:00,165.56
2018-09-18 12:29:00,165.58
2018-09-18 12:30:00,165.7
2018-09-18 12:31:00,165.7
2018-09-18 12:32:00,165.85
2018-09-18 12:33:00,165.8615
2018-09-18 12:34:00,165.98
2018-09-18 12:35:00,165.93
2018-09-18 12:36:00,166.0654
2018-09-18 12:37:00,166.09
2018-09-18 12:38:00,166.05
2018-09-18 12:40:00,166.02
2018-09-18 12:41:00,166.02
2018-09-18 12:42:00,166.02
2018-09-18 12:44:00,166.04
2018-09-18 12:46:00,165.95
2018-09-18 12:47:00,165.96
2018-09-18 12:48:00,166.0
2018-09-18 12:49:00,165.99
2018-09-18 12:50:00,165.9
2018-09-18 12:51:00,166.05
2018-09-18 12:52:00,165.95
2018-09-18 12:55:00,165.975
2018-09-18 12:56:00,166.0
2018-09-18 12:57:00,165.995
2018-09-18 12:58:00,165.95
2018-09-18 12:59:00,166.03
2018-09-18 13:00:00,166.1
2018-09-18 13:01:00,166.18
2018-09-18 13:02:00,166.18
2018-09-18 13:03:00,166.18
2018-09-18 13:04:00,166.3059
2018-09-18 13:05:00,166.49
2018-09-18 13:07:00,166.4101
2018-09-18 13:08:00,166.49
2018-09-18 13:09:00,166.31
2018-09-18 13:10:00,166.31
2018-09-18 13:11:00,166.08
2018-09-18 13:12:00,166.16
2018-09-18 13:13:00,166.3
2018-09-18 13:14:00,166.3
2018-09-18 13:15:00,166.44
2018-09-18 13:16:00,166.52
2018-09-18 13:18:00,166.64
2018-09-18 13:20:00,166.55
2018-09-18 13:21:00,166.4
2018-09-18 13:22:00,166.44
2018-09-18 13:23:00,166.34
2018-09-18 13:24:00,166.3
2018-09-18 13:25:00,166.07
2018-09-18 13:26:00,166.01
2018-09-18 13:28:00,166.04
2018-09-18 13:29:00,166.21
2018-09-18 13:30:00,166.23
2018-09-18 13:32:00,166.22
2018-09-18 13:33:00,166.21
2018-09-18 13:34:00,166.2
2018-09-18 13:35:00,166.22
2018-09-18 13:37:00,166.21
2018-09-18 13:38:00,166.2
2018-09-18 13:39:00,166.29
2018-09-18 13:40:00,166.33
2018-09-18 13:42:00,166.4418
2018-09-18 13:43:00,166.44
2018-09-18 13:44:00,166.53
2018-09-18 13:45:00,166.47
2018-09-18 13:46:00,166.485
2018-09-18 13:47:00,166.53
2018-09-18 13:49:00,166.57
2018-09-18 13:50:00,166.57
2018-09-18 13:51:00,166.51
2018-09-18 13:52:00,166.49
2018-09-18 13:53:00,166.47
2018-09-18 13:55:00,166.4622
2018-09-18 13:58:00,166.43
2018-09-18 14:00:00,166.51
2018-09-18 14:01:00,166.5058
2018-09-18 14:02:00,166.65
2018-09-18 14:03:00,166.81
2018-09-18 14:06:00,166.7654
2018-09-18 14:07:00,166.865
2018-09-18 14:08:00,166.82
2018-09-18 14:10:00,166.99
2018-09-18 14:11:00,167.05
2018-09-18 14:12:00,167.19
2018-09-18 14:13:00,167.2
2018-09-18 14:14:00,167.18
2018-09-18 14:16:00,167.12
2018-09-18 14:17:00,167.0666
2018-09-18 14:18:00,167.1244
2018-09-18 14:20:00,166.98
2018-09-18 14:21:00,166.895
2018-09-18 14:22:00,166.92
2018-09-18 14:23:00,167.01
2018-09-18 14:24:00,166.9908
2018-09-18 14:25:00,167.04
2018-09-18 14:26:00,167.0
2018-09-18 14:28:00,167.09
2018-09-18 14:29:00,167.03
2018-09-18 14:30:00,167.04
2018-09-18 14:31:00,167.09
2018-09-18 14:32:00,166.96
2018-09-18 14:33:00,167.09
2018-09-18 14:34:00,167.03
2018-09-18 14:35:00,167.1
2018-09-18 14:36:00,167.21
2018-09-18 14:37:00,167.095
2018-09-18 14:39:00,167.19
2018-09-18 14:40:00,167.18
2018-09-18 14:41:00,167.15
2018-09-18 14:43:00,167.4
2018-09-18 14:44:00,167.36
2018-09-18 14:45:00,167.38
2018-09-18 14:46:00,167.23
2018-09-18 14:47:00,167.24
2018-09-18 14:48:00,167.31
2018-09-18 14:49:00,167.21
2018-09-18 14:50:00,167.1635
2018-09-18 14:51:00,167.23
2018-09-18 14:52:00,167.14
2018-09-18 14:54:00,167.2231
2018-09-18 14:56:00,167.18
2018-09-18 14:57:00,167.37
2018-09-18 14:58:00,167.23
2018-09-18 14:59:00,167.28
2018-09-18 15:00:00,167.3459
2018-09-18 15:01:00,167.43
2018-09-18 15:02:00,167.38
2018-09-18 15:03:00,167.43
2018-09-18 15:04:00,167.43
2018-09-18 15:05:00,167.35
2018-09-18 15:06:00,167.315
2018-09-18 15:07:00,167.37
2018-09-18 15:08:00,167.45
2018-09-18 15:09:00,167.4
2018-09-18 15:10:00,167.4
2018-09-18 15:11:00,167.39
2018-09-18 15:12:00,167.48
2018-09-18 15:13:00,167.3993
2018-09-18 15:15:00,167.31
2018-09-18 15:16:00,167.25
2018-09-18 15:17:00,167.24
2018-09-18 15:18:00,167.3362
2018-09-18 15:19:00,167.29
2018-09-18 15:20:00,167.33
2018-09-18 15:21:00,167.26
2018-09-18 15:22:00,167.215
2018-09-18 15:23:00,167.15
2018-09-18 15:24:00,167.29
2018-09-18 15:25:00,167.27
2018-09-18 15:26:00,167.32
2018-09-18 15:27:00,167.2763
2018-09-18 15:28:00,167.305
2018-09-18 15:29:00,167.3
2018-09-18 15:30:00,167.3
2018-09-18 15:31:00,167.41
2018-09-18 15:32:00,167.39
2018-09-18 15:33:00,167.32
2018-09-18 15:34:00,167.31
2018-09-18 15:35:00,167.43
2018-09-18 15:36:00,167.44
2018-09-18 15:37:00,167.31
2018-09-18 15:38:00,167.36
2018-09-18 15:39:00,167.33
2018-09-18 15:40:00,167.48
2018-09-18 15:41:00,167.36
2018-09-18 15:42:00,167.29
2018-09-18 15:43:00,167.29
2018-09-18 15:44:00,167.31
2018-09-18 15:45:00,167.11
2018-09-18 15:46:00,166.99
2018-09-18 15:47:00,167.03
2018-09-18 15:48:00,167.06
2018-09-18 15:49:00,167.095
2018-09-18 15:50:00,167.09
2018-09-18 15:51:00,167.08
2018-09-18 15:52:00,167.01
2018-09-18 15:53:00,167.09
2018-09-18 15:54:00,167.1
2018-09-18 15:55:00,167.04
2018-09-18 15:56:00,167.2
2018-09-18 15:57:00,167.28
2018-09-18 15:58:00,167.23
2018-09-18 15:59:00,167.06
2018-09-19 09:31:00,167.3392
2018-09-19 09:32:00,168.0
2018-09-19 09:34:00,168.49
2018-09-19 09:35:00,169.42
2018-09-19 09:37:00,169.23
2018-09-19 09:38:00,169.4292
2018-09-19 09:39:00,169.58
2018-09-19 09:40:00,169.605
2018-09-19 09:41:00,170.67
2018-09-19 09:42:00,170.4888
2018-09-19 09:43:00,170.98
2018-09-19 09:44:00,171.06
2018-09-19 09:45:00,170.42
2018-09-19 09:46:00,170.53
2018-09-19 09:47:00,170.47
2018-09-19 09:48:00,170.75
2018-09-19 09:50:00,170.905
2018-09-19 09:51:00,171.35
2018-09-19 09:52:00,171.7202
2018-09-19 09:53:00,172.24
2018-09-19 09:54:00,172.38
2018-09-19 09:55:00,172.04
2018-09-19 09:56:00,171.99
2018-09-19 09:57:00,172.1
2018-09-19 09:58:00,171.65
2018-09-19 09:59:00,171.21
2018-09-19 10:00:00,171.49
2018-09-19 10:01:00,171.6
2018-09-19 10:02:00,171.43
2018-09-19 10:03:00,171.39
2018-09-19 10:04:00,171.55
2018-09-19 10:05:00,171.6922
2018-09-19 10:06:00,171.8052
2018-09-19 10:07:00,171.31
2018-09-19 10:08:00,171.0001
2018-09-19 10:09:00,170.94
2018-09-19 10:10:00,171.0145
2018-09-19 10:11:00,171.0
2018-09-19 10:12:00,170.8632
2018-09-19 10:13:00,171.24
2018-09-19 10:15:00,171.185
2018-09-19 10:17:00,171.3
2018-09-19 10:19:00,171.17
2018-09-19 10:20:00,171.3302
2018-09-19 10:21:00,171.02
2018-09-19 10:22:00,171.08
2018-09-19 10:23:00,171.01
2018-09-19 10:24:00,171.39
2018-09-19 10:25:00,171.25
2018-09-19 10:26:00,171.2604
2018-09-19 10:27:00,171.05
2018-09-19 10:30:00,170.73
2018-09-19 10:31:00,170.29
2018-09-19 10:32:00,170.795
2018-09-19 10:33:00,170.8
2018-09-19 10:35:00,170.8
2018-09-19 10:37:00,170.84
2018-09-19 10:38:00,171.139
2018-09-19 10:39:00,170.7701
2018-09-19 10:40:00,170.54
2018-09-19 10:41:00,170.35
2018-09-19 10:42:00,170.335
2018-09-19 10:43:00,170.54
2018-09-19 10:44:00,170.712
2018-09-19 10:46:00,170.69
2018-09-19 10:47:00,170.94
2018-09-19 10:48:00,170.94
2018-09-19 10:50:00,170.875
2018-09-19 10:51:00,170.77
2018-09-19 10:52:00,170.98
2018-09-19 10:53:00,170.89
2018-09-19 10:54:00,170.87
2018-09-19 10:55:00,170.89
2018-09-19 10:56:00,170.89
2018-09-19 10:57:00,171.19
2018-09-19 10:58:00,171.055
2018-09-19 10:59:00,171.17
2018-09-19 11:00:00,171.1025
2018-09-19 11:01:00,171.16
2018-09-19 11:02:00,171.24
2018-09-19 11:03:00,171.33
2018-09-19 11:04:00,171.04
2018-09-19 11:05:00,171.11
2018-09-19 11:07:00,171.06
2018-09-19 11:08:00,171.1
2018-09-19 11:09:00,171.17
2018-09-19 11:10:00,171.26
2018-09-19 11:12:00,171.0921
2018-09-19 11:13:00,170.9254
2018-09-19 11:15:00,170.54
2018-09-19 11:16:00,170.51
2018-09-19 11:18:00,170.43
2018-09-19 11:20:00,170.49
2018-09-19 11:21:00,170.32
2018-09-19 11:22:00,170.26
2018-09-19 11:23:00,169.87
2018-09-19 11:24:00,169.67
2018-09-19 11:25:00,170.1771
2018-09-19 11:26:00,170.19
2018-09-19 11:27:00,170.18
2018-09-19 11:29:00,170.27
2018-09-19 11:30:00,170.15
2018-09-19 11:31:00,170.1811
2018-09-19 11:32:00,170.334
2018-09-19 11:33:00,170.47
2018-09-19 11:35:00,170.28
2018-09-19 11:36:00,170.25
2018-09-19 11:38:00,170.46
2018-09-19 11:40:00,170.55
2018-09-19 11:41:00,170.445
2018-09-19 11:42:00,170.3902
2018-09-19 11:45:00,170.6844
2018-09-19 11:46:00,170.48
2018-09-19 11:50:00,170.65
2018-09-19 11:51:00,170.67
2018-09-19 11:52:00,170.64
2018-09-19 11:53:00,170.71
2018-09-19 11:54:00,170.65
2018-09-19 11:56:00,170.62
2018-09-19 11:59:00,170.65
2018-09-19 12:00:00,170.7
2018-09-19 12:01:00,170.74
2018-09-19 12:03:00,170.82
2018-09-19 12:04:00,170.62
2018-09-19 12:07:00,170.42
2018-09-19 12:08:00,170.52
2018-09-19 12:10:00,170.59
2018-09-19 12:11:00,170.675
2018-09-19 12:13:00,170.56
2018-09-19 12:14:00,170.5804
2018-09-19 12:15:00,170.52
2018-09-19 12:16:00,170.61
2018-09-19 12:17:00,170.566
2018-09-19 12:18:00,170.48
2018-09-19 12:19:00,170.57
2018-09-19 12:20:00,170.53
2018-09-19 12:21:00,170.47
2018-09-19 12:23:00,170.43
2018-09-19 12:24:00,170.44
2018-09-19 12:26:00,170.54
2018-09-19 12:27:00,170.55
2018-09-19 12:28:00,170.52
2018-09-19 12:29:00,170.49
2018-09-19 12:30:00,170.4958
2018-09-19 12:31:00,170.5
2018-09-19 12:32:00,170.549
2018-09-19 12:33:00,170.36
2018-09-19 12:34:00,170.47
2018-09-19 12:35:00,170.52
2018-09-19 12:36:00,170.55
2018-09-19 12:37:00,170.43
2018-09-19 12:39:00,170.45
2018-09-19 12:40:00,170.41
2018-09-19 12:41:00,170.35
2018-09-19 12:43:00,170.59
2018-09-19 12:44:00,170.66
2018-09-19 12:45:00,170.6
2018-09-19 12:46:00,170.5644
2018-09-19 12:47:00,170.56
2018-09-19 12:49:00,170.58
2018-09-19 12:50:00,170.64
2018-09-19 12:51:00,170.68
2018-09-19 12:52:00,170.6655
2018-09-19 12:53:00,170.67
2018-09-19 12:55:00,170.792
2018-09-19 12:57:00,170.81
2018-09-19 12:58:00,170.96
2018-09-19 12:59:00,171.09
2018-09-19 13:00:00,171.0831
2018-09-19 13:01:00,171.2
2018-09-19 13:02:00,171.12
2018-09-19 13:03:00,171.18
2018-09-19 13:05:00,171.26
2018-09-19 13:07:00,171.23
2018-09-19 13:08:00,171.14
2018-09-19 13:10:00,171.16
2018-09-19 13:12:00,171.21
2018-09-19 13:13:00,171.29
2018-09-19 13:14:00,171.16
2018-09-19 13:15:00,171.25
2018-09-19 13:16:00,171.22
2018-09-19 13:17:00,171.2385
2018-09-19 13:19:00,171.2
2018-09-19 13:21:00,171.25
2018-09-19 13:22:00,171.2
2018-09-19 13:23:00,171.1645
2018-09-19 13:25:00,171.215
2018-09-19 13:26:00,171.1648
2018-09-19 13:27:00,171.21
2018-09-19 13:28:00,171.19
2018-09-19 13:29:00,171.18
2018-09-19 13:30:00,171.13
2018-09-19 13:31:00,171.11
2018-09-19 13:32:00,171.2
2018-09-19 13:33:00,171.16
2018-09-19 13:35:00,171.16
2018-09-19 13:36:00,171.23
2018-09-19 13:37:00,171.22
2018-09-19 13:38:00,171.1509
2018-09-19 13:40:00,171.1
2018-09-19 13:41:00,171.17
2018-09-19 13:42:00,170.94
2018-09-19 13:43:00,170.82
2018-09-19 13:44:00,170.84
2018-09-19 13:45:00,170.79
2018-09-19 13:46:00,170.67
2018-09-19 13:48:00,170.59
2018-09-19 13:49:00,170.56
2018-09-19 13:50:00,170.73
2018-09-19 13:52:00,170.67
2018-09-19 13:54:00,170.719
2018-09-19 13:56:00,170.62
2018-09-19 13:57:00,170.73
2018-09-19 13:58:00,170.65
2018-09-19 14:00:00,170.69
2018-09-19 14:01:00,170.7
2018-09-19 14:02:00,170.7108
2018-09-19 14:05:00,170.72
2018-09-19 14:06:00,170.74
2018-09-19 14:07:00,170.8
2018-09-19 14:08:00,170.745
2018-09-19 14:09:00,170.89
2018-09-19 14:10:00,170.92
2018-09-19 14:11:00,170.92
2018-09-19 14:13:00,171.0242
2018-09-19 14:14:00,170.96
2018-09-19 14:15:00,170.9488
2018-09-19 14:16:00,170.75
2018-09-19 14:18:00,170.66
2018-09-19 14:19:00,170.61
2018-09-19 14:20:00,170.45
2018-09-19 14:21:00,170.59
2018-09-19 14:22:00,170.63
2018-09-19 14:23:00,170.71
2018-09-19 14:24:00,170.73
2018-09-19 14:25:00,170.8354
2018-09-19 14:26:00,170.83
2018-09-19 14:27:00,170.79
2018-09-19 14:28:00,170.71
2018-09-19 14:30:00,170.7
2018-09-19 14:31:00,170.42
2018-09-19 14:33:00,170.36
2018-09-19 14:34:00,170.28
2018-09-19 14:35:00,170.15
2018-09-19 14:36:00,170.04
2018-09-19 14:37:00,169.92
2018-09-19 14:38:00,170.0281
2018-09-19 14:40:00,169.97
2018-09-19 14:41:00,169.91
2018-09-19 14:42:00,169.96
2018-09-19 14:44:00,169.8337
2018-09-19 14:45:00,169.9494
2018-09-19 14:46:00,169.99
2018-09-19 14:48:00,169.94
2018-09-19 14:49:00,169.88
2018-09-19 14:50:00,169.85
2018-09-19 14:51:00,169.81
2018-09-19 14:53:00,169.81
2018-09-19 14:55:00,169.91
2018-09-19 14:56:00,169.905
2018-09-19 14:57:00,169.85
2018-09-19 14:58:00,169.87
2018-09-19 14:59:00,169.7
2018-09-19 15:00:00,169.775
2018-09-19 15:01:00,169.89
2018-09-19 15:03:00,169.96
2018-09-19 15:04:00,169.965
2018-09-19 15:05:00,169.82
2018-09-19 15:07:00,169.71
2018-09-19 15:09:00,169.54
2018-09-19 15:10:00,169.42
2018-09-19 15:11:00,169.44
2018-09-19 15:12:00,169.435
2018-09-19 15:13:00,169.48
2018-09-19 15:15:00,169.45
2018-09-19 15:17:00,169.55
2018-09-19 15:18:00,169.62
2018-09-19 15:19:00,169.59
2018-09-19 15:20:00,169.46
2018-09-19 15:22:00,169.32
2018-09-19 15:23:00,169.455
2018-09-19 15:24:00,169.51
2018-09-19 15:25:00,169.62
2018-09-19 15:26:00,169.61
2018-09-19 15:27:00,169.61
2018-09-19 15:28:00,169.53
2018-09-19 15:29:00,169.61
2018-09-19 15:30:00,169.69
2018-09-19 15:31:00,169.6
2018-09-19 15:33:00,169.58
2018-09-19 15:35:00,169.5
2018-09-19 15:36:00,169.4
2018-09-19 15:37:00,169.4
2018-09-19 15:39:00,169.33
2018-09-19 15:40:00,169.22
2018-09-19 15:41:00,169.26
2018-09-19 15:42:00,169.25
2018-09-19 15:43:00,169.24
2018-09-19 15:44:00,169.27
2018-09-19 15:45:00,169.06
2018-09-19 15:46:00,169.0
2018-09-19 15:47:00,168.98
2018-09-19 15:48:00,169.06
2018-09-19 15:49:00,169.1
2018-09-19 15:50:00,169.04
2018-09-19 15:51:00,169.07
2018-09-19 15:52:00,169.0
2018-09-19 15:53:00,168.89
2018-09-19 15:54:00,168.96
2018-09-19 15:55:00,169.0
2018-09-19 15:56:00,168.9
2018-09-19 15:57:00,169.0
2018-09-19 15:58:00,169.03
2018-09-19 15:59:00,168.96
2018-09-20 09:31:00,170.95
2018-09-20 09:32:00,171.6371
2018-09-20 09:33:00,172.3
2018-09-20 09:34:00,172.49
2018-09-20 09:35:00,172.13
2018-09-20 09:36:00,172.0
2018-09-20 09:37:00,171.58
2018-09-20 09:38:00,171.27
2018-09-20 09:39:00,171.78
2018-09-20 09:40:00,171.6
2018-09-20 09:41:00,171.13
2018-09-20 09:42:00,171.31
2018-09-20 09:43:00,170.82
2018-09-20 09:44:00,171.01
2018-09-20 09:45:00,171.08
2018-09-20 09:46:00,170.5437
2018-09-20 09:47:00,170.57
2018-09-20 09:48:00,170.33
2018-09-20 09:49:00,170.63
2018-09-20 09:50:00,170.68
2018-09-20 09:52:00,170.86
2018-09-20 09:54:00,170.15
2018-09-20 09:56:00,170.56
2018-09-20 09:58:00,170.66
2018-09-20 09:59:00,170.44
2018-09-20 10:00:00,170.5
2018-09-20 10:01:00,170.6
2018-09-20 10:02:00,170.5
2018-09-20 10:04:00,170.34
2018-09-20 10:06:00,170.57
2018-09-20 10:07:00,170.33
2018-09-20 10:08:00,170.12
2018-09-20 10:09:00,170.31
2018-09-20 10:10:00,170.12
2018-09-20 10:11:00,170.17
2018-09-20 10:12:00,169.96
2018-09-20 10:13:00,169.9
2018-09-20 10:14:00,170.12
2018-09-20 10:17:00,170.43
2018-09-20 10:18:00,170.46
2018-09-20 10:19:00,170.399
2018-09-20 10:20:00,169.84
2018-09-20 10:22:00,169.75
2018-09-20 10:23:00,169.72
2018-09-20 10:25:00,169.29
2018-09-20 10:26:00,169.185
2018-09-20 10:27:00,169.2175
2018-09-20 10:28:00,169.05
2018-09-20 10:29:00,168.52
2018-09-20 10:30:00,168.35
2018-09-20 10:32:00,168.44
2018-09-20 10:33:00,168.89
2018-09-20 10:34:00,168.53
2018-09-20 10:35:00,168.845
2018-09-20 10:36:00,168.82
2018-09-20 10:37:00,168.74
2018-09-20 10:38:00,168.59
2018-09-20 10:39:00,168.565
2018-09-20 10:40:00,168.63
2018-09-20 10:42:00,169.03
2018-09-20 10:43:00,169.04
2018-09-20 10:44:00,169.13
2018-09-20 10:45:00,169.28
2018-09-20 10:46:00,169.17
2018-09-20 10:47:00,169.09
2018-09-20 10:48:00,169.2
2018-09-20 10:49:00,169.29
2018-09-20 10:50:00,169.36
2018-09-20 10:51:00,169.58
2018-09-20 10:52:00,169.4571
2018-09-20 10:53:00,169.475
2018-09-20 10:54:00,169.34
2018-09-20 10:55:00,169.29
2018-09-20 10:56:00,169.5325
2018-09-20 10:57:00,169.375
2018-09-20 10:58:00,169.41
2018-09-20 10:59:00,169.33
2018-09-20 11:00:00,169.29
2018-09-20 11:01:00,169.27
2018-09-20 11:02:00,169.3
2018-09-20 11:03:00,169.31
2018-09-20 11:04:00,169.445
2018-09-20 11:05:00,169.6
2018-09-20 11:06:00,169.65
2018-09-20 11:08:00,169.52
2018-09-20 11:09:00,169.471
2018-09-20 11:10:00,169.395
2018-09-20 11:12:00,169.37
2018-09-20 11:13:00,169.435
2018-09-20 11:15:00,169.33
2018-09-20 11:16:00,169.42
2018-09-20 11:17:00,169.5
2018-09-20 11:18:00,169.565
2018-09-20 11:20:00,169.5
2018-09-20 11:21:00,169.57
2018-09-20 11:23:00,169.65
2018-09-20 11:25:00,169.82
2018-09-20 11:26:00,169.8054
2018-09-20 11:27:00,169.92
2018-09-20 11:28:00,169.93
2018-09-20 11:29:00,170.02
2018-09-20 11:30:00,170.03
2018-09-20 11:31:00,170.045
2018-09-20 11:33:00,170.14
2018-09-20 11:34:00,170.1025
2018-09-20 11:35:00,169.97
2018-09-20 11:36:00,170.107
2018-09-20 11:38:00,170.28
2018-09-20 11:39:00,170.2595
2018-09-20 11:40:00,170.405
2018-09-20 11:42:00,170.445
2018-09-20 11:43:00,170.64
2018-09-20 11:44:00,170.809
2018-09-20 11:45:00,170.89
2018-09-20 11:46:00,170.93
2018-09-20 11:47:00,170.94
2018-09-20 11:48:00,170.92
2018-09-20 11:49:00,170.995
2018-09-20 11:50:00,171.02
2018-09-20 11:51:00,171.05
2018-09-20 11:52:00,171.0
2018-09-20 11:53:00,170.74
2018-09-20 11:54:00,170.58
2018-09-20 11:56:00,170.905
2018-09-20 11:58:00,170.845
2018-09-20 11:59:00,170.62
2018-09-20 12:02:00,170.25
2018-09-20 12:03:00,170.31
2018-09-20 12:04:00,170.31
2018-09-20 12:05:00,170.24
2018-09-20 12:07:00,170.31
2018-09-20 12:08:00,170.14
2018-09-20 12:09:00,170.1
2018-09-20 12:11:00,170.175
2018-09-20 12:12:00,170.44
2018-09-20 12:13:00,170.5135
2018-09-20 12:15:00,170.53
2018-09-20 12:16:00,170.455
2018-09-20 12:17:00,170.505
2018-09-20 12:19:00,170.66
2018-09-20 12:20:00,170.6
2018-09-20 12:21:00,170.82
2018-09-20 12:22:00,170.82
2018-09-20 12:23:00,170.9648
2018-09-20 12:24:00,171.11
2018-09-20 12:25:00,171.115
2018-09-20 12:26:00,171.125
2018-09-20 12:27:00,171.07
2018-09-20 12:28:00,171.0677
2018-09-20 12:29:00,170.9549
2018-09-20 12:30:00,171.0
2018-09-20 12:31:00,171.0
2018-09-20 12:32:00,171.07
2018-09-20 12:33:00,171.05
2018-09-20 12:34:00,171.07
2018-09-20 12:35:00,171.12
2018-09-20 12:36:00,171.2
2018-09-20 12:37:00,171.25
2018-09-20 12:38:00,171.255
2018-09-20 12:40:00,171.29
2018-09-20 12:41:00,171.33
2018-09-20 12:42:00,171.47
2018-09-20 12:44:00,171.62
2018-09-20 12:45:00,171.64
2018-09-20 12:46:00,171.62
2018-09-20 12:48:00,171.77
2018-09-20 12:49:00,171.91
2018-09-20 12:50:00,171.83
2018-09-20 12:51:00,171.9
2018-09-20 12:52:00,172.0
2018-09-20 12:53:00,172.03
2018-09-20 12:55:00,172.06
2018-09-20 12:56:00,172.05
2018-09-20 12:57:00,172.1
2018-09-20 12:58:00,172.15
2018-09-20 12:59:00,172.23
2018-09-20 13:00:00,172.27
2018-09-20 13:01:00,172.3
2018-09-20 13:02:00,172.32
2018-09-20 13:03:00,172.35
2018-09-20 13:04:00,172.32
2018-09-20 13:05:00,172.32
2018-09-20 13:06:00,172.35
2018-09-20 13:07:00,172.4
2018-09-20 13:08:00,172.41
2018-09-20 13:09:00,172.41
2018-09-20 13:10:00,172.36
2018-09-20 13:11:00,172.5
2018-09-20 13:12:00,172.565
2018-09-20 13:13:00,172.48
2018-09-20 13:14:00,172.3545
2018-09-20 13:15:00,172.205
2018-09-20 13:16:00,172.05
2018-09-20 13:17:00,172.34
2018-09-20 13:18:00,172.265
2018-09-20 13:19:00,172.22
2018-09-20 13:20:00,172.335
2018-09-20 13:22:00,172.31
2018-09-20 13:23:00,172.375
2018-09-20 13:24:00,172.44
2018-09-20 13:25:00,172.45
2018-09-20 13:26:00,172.41
2018-09-20 13:27:00,172.25
2018-09-20 13:28:00,172.27
2018-09-20 13:29:00,172.2
2018-09-20 13:30:00,172.145
2018-09-20 13:31:00,172.15
2018-09-20 13:32:00,172.08
2018-09-20 13:33:00,172.08
2018-09-20 13:34:00,172.0977
2018-09-20 13:36:00,172.093
2018-09-20 13:37:00,172.245
2018-09-20 13:38:00,172.3817
2018-09-20 13:39:00,172.41
2018-09-20 13:40:00,172.43
2018-09-20 13:41:00,172.4
2018-09-20 13:42:00,172.53
2018-09-20 13:43:00,172.68
2018-09-20 13:45:00,172.62
2018-09-20 13:46:00,172.46
2018-09-20 13:47:00,172.54
2018-09-20 13:49:00,172.72
2018-09-20 13:50:00,172.65
2018-09-20 13:51:00,172.52
2018-09-20 13:52:00,172.53
2018-09-20 13:53:00,172.605
2018-09-20 13:55:00,172.68
2018-09-20 13:56:00,172.75
2018-09-20 13:57:00,172.73
2018-09-20 13:58:00,172.76
2018-09-20 13:59:00,172.64
2018-09-20 14:00:00,172.61
2018-09-20 14:01:00,172.65
2018-09-20 14:02:00,172.66
2018-09-20 14:03:00,172.6
2018-09-20 14:04:00,172.72
2018-09-20 14:05:00,172.75
2018-09-20 14:06:00,172.785
2018-09-20 14:07:00,172.715
2018-09-20 14:08:00,172.6496
2018-09-20 14:09:00,172.64
2018-09-20 14:10:00,172.61
2018-09-20 14:11:00,172.6228
2018-09-20 14:12:00,172.575
2018-09-20 14:13:00,172.61
2018-09-20 14:14:00,172.61
2018-09-20 14:16:00,172.6
2018-09-20 14:17:00,172.69
2018-09-20 14:18:00,172.705
2018-09-20 14:19:00,172.73
2018-09-20 14:20:00,172.71
2018-09-20 14:21:00,172.695
2018-09-20 14:22:00,172.69
2018-09-20 14:23:00,172.665
2018-09-20 14:24:00,172.6
2018-09-20 14:25:00,172.72
2018-09-20 14:26:00,172.71
2018-09-20 14:28:00,172.785
2018-09-20 14:29:00,172.811
2018-09-20 14:30:00,172.75
2018-09-20 14:31:00,172.735
2018-09-20 14:32:00,172.75
2018-09-20 14:33:00,172.6765
2018-09-20 14:34:00,172.675
2018-09-20 14:35:00,172.69
2018-09-20 14:36:00,172.68
2018-09-20 14:37:00,172.64
2018-09-20 14:38:00,172.73
2018-09-20 14:39:00,172.71
2018-09-20 14:40:00,172.67
2018-09-20 14:41:00,172.63
2018-09-20 14:42:00,172.56
2018-09-20 14:43:00,172.6
2018-09-20 14:44:00,172.66
2018-09-20 14:45:00,172.71
2018-09-20 14:46:00,172.7
2018-09-20 14:47:00,172.735
2018-09-20 14:49:00,172.78
2018-09-20 14:50:00,172.84
2018-09-20 14:51:00,172.86
2018-09-20 14:52:00,172.85
2018-09-20 14:53:00,172.83
2018-09-20 14:54:00,172.84
2018-09-20 14:55:00,172.82
2018-09-20 14:56:00,172.85
2018-09-20 14:57:00,172.89
2018-09-20 14:58:00,172.88
2018-09-20 14:59:00,172.805
2018-09-20 15:00:00,172.86
2018-09-20 15:02:00,172.765
2018-09-20 15:03:00,172.75
2018-09-20 15:04:00,172.765
2018-09-20 15:05:00,172.7767
2018-09-20 15:06:00,172.765
2018-09-20 15:07:00,172.69
2018-09-20 15:08:00,172.695
2018-09-20 15:09:00,172.62
2018-09-20 15:10:00,172.6461
2018-09-20 15:11:00,172.66
2018-09-20 15:12:00,172.735
2018-09-20 15:13:00,172.84
2018-09-20 15:14:00,172.85
2018-09-20 15:15:00,172.93
2018-09-20 15:16:00,172.95
2018-09-20 15:17:00,172.94
2018-09-20 15:18:00,172.9525
2018-09-20 15:19:00,172.93
2018-09-20 15:20:00,172.91
2018-09-20 15:21:00,172.92
2018-09-20 15:22:00,172.88
2018-09-20 15:23:00,172.53
2018-09-20 15:24:00,172.425
2018-09-20 15:25:00,172.45
2018-09-20 15:26:00,172.31
2018-09-20 15:27:00,172.23
2018-09-20 15:28:00,172.42
2018-09-20 15:29:00,172.29
2018-09-20 15:30:00,172.15
2018-09-20 15:31:00,172.26
2018-09-20 15:32:00,172.26
2018-09-20 15:33:00,172.19
2018-09-20 15:34:00,172.18
2018-09-20 15:35:00,172.115
2018-09-20 15:36:00,172.14
2018-09-20 15:37:00,172.16
2018-09-20 15:38:00,172.324
2018-09-20 15:39:00,172.23
2018-09-20 15:40:00,172.34
2018-09-20 15:41:00,172.37
2018-09-20 15:42:00,172.43
2018-09-20 15:43:00,172.44
2018-09-20 15:44:00,172.21
2018-09-20 15:45:00,172.26
2018-09-20 15:46:00,172.12
2018-09-20 15:47:00,172.19
2018-09-20 15:48:00,172.11
2018-09-20 15:49:00,172.0
2018-09-20 15:50:00,171.95
2018-09-20 15:51:00,171.895
2018-09-20 15:52:00,171.77
2018-09-20 15:53:00,171.74
2018-09-20 15:54:00,171.92
2018-09-20 15:55:00,171.88
2018-09-20 15:56:00,171.875
2018-09-20 15:57:00,171.85
2018-09-20 15:58:00,171.88
2018-09-20 15:59:00,171.78
2018-09-21 09:31:00,171.81
2018-09-21 09:33:00,171.48
2018-09-21 09:34:00,171.335
2018-09-21 09:35:00,171.24
2018-09-21 09:37:00,172.0682
2018-09-21 09:38:00,171.73
2018-09-21 09:39:00,172.03
2018-09-21 09:41:00,171.82
2018-09-21 09:42:00,171.65
2018-09-21 09:43:00,171.33
2018-09-21 09:44:00,171.75
2018-09-21 09:45:00,171.75
2018-09-21 09:47:00,171.545
2018-09-21 09:48:00,171.465
2018-09-21 09:49:00,171.7699
2018-09-21 09:50:00,171.83
2018-09-21 09:51:00,172.135
2018-09-21 09:52:00,172.01
2018-09-21 09:53:00,171.955
2018-09-21 09:54:00,171.51
2018-09-21 09:56:00,171.53
2018-09-21 09:57:00,171.6
2018-09-21 09:58:00,171.7
2018-09-21 09:59:00,171.69
2018-09-21 10:01:00,171.79
2018-09-21 10:03:00,171.5
2018-09-21 10:04:00,171.5
2018-09-21 10:05:00,171.51
2018-09-21 10:06:00,171.42
2018-09-21 10:07:00,171.35
2018-09-21 10:08:00,171.3
2018-09-21 10:09:00,171.33
2018-09-21 10:10:00,171.1334
2018-09-21 10:12:00,171.1
2018-09-21 10:13:00,171.195
2018-09-21 10:14:00,171.05
2018-09-21 10:15:00,171.04
2018-09-21 10:16:00,170.93
2018-09-21 10:17:00,171.01
2018-09-21 10:18:00,170.87
2018-09-21 10:19:00,170.78
2018-09-21 10:20:00,170.33
2018-09-21 10:21:00,170.29
2018-09-21 10:22:00,170.15
2018-09-21 10:23:00,169.94
2018-09-21 10:24:00,170.03
2018-09-21 10:25:00,169.9
2018-09-21 10:26:00,169.71
2018-09-21 10:27:00,169.69
2018-09-21 10:28:00,169.75
2018-09-21 10:29:00,169.77
2018-09-21 10:30:00,169.66
2018-09-21 10:31:00,169.68
2018-09-21 10:32:00,169.82
2018-09-21 10:33:00,169.8
2018-09-21 10:35:00,169.84
2018-09-21 10:36:00,169.8751
2018-09-21 10:37:00,169.89
2018-09-21 10:38:00,169.79
2018-09-21 10:39:00,169.6
2018-09-21 10:40:00,169.4555
2018-09-21 10:41:00,169.56
2018-09-21 10:42:00,169.54
2018-09-21 10:43:00,169.595
2018-09-21 10:44:00,169.54
2018-09-21 10:45:00,169.36
2018-09-21 10:46:00,169.16
2018-09-21 10:47:00,169.28
2018-09-21 10:48:00,169.24
2018-09-21 10:49:00,169.2371
2018-09-21 10:50:00,169.35
2018-09-21 10:52:00,169.27
2018-09-21 10:53:00,169.03
2018-09-21 10:54:00,169.045
2018-09-21 10:55:00,169.01
2018-09-21 10:56:00,168.96
2018-09-21 10:57:00,168.991
2018-09-21 10:58:00,169.09
2018-09-21 10:59:00,168.92
2018-09-21 11:00:00,169.01
2018-09-21 11:01:00,169.29
2018-09-21 11:02:00,169.19
2018-09-21 11:03:00,169.33
2018-09-21 11:04:00,169.215
2018-09-21 11:06:00,168.97
2018-09-21 11:07:00,168.975
2018-09-21 11:08:00,168.98
2018-09-21 11:09:00,169.13
2018-09-21 11:10:00,169.19
2018-09-21 11:11:00,169.14
2018-09-21 11:12:00,169.21
2018-09-21 11:13:00,169.1
2018-09-21 11:15:00,168.99
2018-09-21 11:16:00,169.08
2018-09-21 11:17:00,169.06
2018-09-21 11:18:00,169.09
2018-09-21 11:19:00,169.1
2018-09-21 11:21:00,168.98
2018-09-21 11:22:00,169.16
2018-09-21 11:24:00,169.42
2018-09-21 11:25:00,169.45
2018-09-21 11:27:00,169.28
2018-09-21 11:28:00,169.41
2018-09-21 11:29:00,169.405
2018-09-21 11:30:00,169.45
2018-09-21 11:33:00,169.39
2018-09-21 11:34:00,169.5828
2018-09-21 11:35:00,169.5264
2018-09-21 11:37:00,169.6647
2018-09-21 11:38:00,169.61
2018-09-21 11:39:00,169.685
2018-09-21 11:40:00,169.96
2018-09-21 11:41:00,169.84
2018-09-21 11:42:00,169.65
2018-09-21 11:43:00,169.7
2018-09-21 11:44:00,169.66
2018-09-21 11:45:00,169.55
2018-09-21 11:46:00,169.63
2018-09-21 11:47:00,169.665
2018-09-21 11:48:00,169.57
2018-09-21 11:49:00,169.66
2018-09-21 11:50:00,169.7
2018-09-21 11:52:00,169.7
2018-09-21 11:54:00,169.73
2018-09-21 11:56:00,169.73
2018-09-21 11:57:00,169.81
2018-09-21 11:58:00,169.92
2018-09-21 11:59:00,169.82
2018-09-21 12:00:00,169.92
2018-09-21 12:01:00,170.03
2018-09-21 12:02:00,170.04
2018-09-21 12:03:00,170.036
2018-09-21 12:04:00,169.97
2018-09-21 12:05:00,170.1183
2018-09-21 12:06:00,170.13
2018-09-21 12:08:00,170.23
2018-09-21 12:09:00,170.25
2018-09-21 12:10:00,170.3052
2018-09-21 12:11:00,170.17
2018-09-21 12:13:00,170.1
2018-09-21 12:14:00,170.05
2018-09-21 12:15:00,170.05
2018-09-21 12:16:00,169.96
2018-09-21 12:17:00,169.84
2018-09-21 12:19:00,169.83
2018-09-21 12:20:00,169.83
2018-09-21 12:21:00,169.87
2018-09-21 12:24:00,169.74
2018-09-21 12:25:00,169.75
2018-09-21 12:26:00,169.76
2018-09-21 12:27:00,169.78
2018-09-21 12:28:00,169.75
2018-09-21 12:29:00,169.7095
2018-09-21 12:30:00,169.575
2018-09-21 12:31:00,169.59
2018-09-21 12:32:00,169.68
2018-09-21 12:33:00,169.67
2018-09-21 12:35:00,169.71
2018-09-21 12:36:00,169.7
2018-09-21 12:37:00,169.57
2018-09-21 12:38:00,169.58
2018-09-21 12:39:00,169.59
2018-09-21 12:40:00,169.58
2018-09-21 12:41:00,169.62
2018-09-21 12:43:00,169.7
2018-09-21 12:44:00,169.74
2018-09-21 12:45:00,169.7
2018-09-21 12:46:00,169.79
2018-09-21 12:48:00,169.82
2018-09-21 12:50:00,169.862
2018-09-21 12:51:00,169.95
2018-09-21 12:52:00,170.03
2018-09-21 12:53:00,170.0324
2018-09-21 12:54:00,170.04
2018-09-21 12:55:00,170.0599
2018-09-21 12:56:00,170.06
2018-09-21 12:58:00,169.94
2018-09-21 12:59:00,169.91
2018-09-21 13:00:00,169.76
2018-09-21 13:01:00,169.79
2018-09-21 13:03:00,169.83
2018-09-21 13:04:00,169.93
2018-09-21 13:05:00,169.98
2018-09-21 13:06:00,169.86
2018-09-21 13:07:00,169.86
2018-09-21 13:11:00,169.88
2018-09-21 13:12:00,169.95
2018-09-21 13:13:00,169.83
2018-09-21 13:14:00,169.875
2018-09-21 13:15:00,169.725
2018-09-21 13:16:00,169.785
2018-09-21 13:17:00,169.76
2018-09-21 13:18:00,169.77
2018-09-21 13:19:00,169.65
2018-09-21 13:20:00,169.67
2018-09-21 13:21:00,169.71
2018-09-21 13:22:00,169.83
2018-09-21 13:23:00,169.785
2018-09-21 13:24:00,169.66
2018-09-21 13:25:00,169.37
2018-09-21 13:26:00,169.34
2018-09-21 13:27:00,169.34
2018-09-21 13:28:00,169.25
2018-09-21 13:29:00,169.25
2018-09-21 13:30:00,169.26
2018-09-21 13:31:00,169.2617
2018-09-21 13:32:00,169.22
2018-09-21 13:33:00,169.28
2018-09-21 13:34:00,169.27
2018-09-21 13:35:00,169.245
2018-09-21 13:37:00,169.231
2018-09-21 13:38:00,169.27
2018-09-21 13:39:00,169.465
2018-09-21 13:40:00,169.68
2018-09-21 13:41:00,169.72
2018-09-21 13:42:00,169.665
2018-09-21 13:43:00,169.69
2018-09-21 13:44:00,169.79
2018-09-21 13:45:00,169.71
2018-09-21 13:46:00,169.635
2018-09-21 13:47:00,169.63
2018-09-21 13:48:00,169.65
2018-09-21 13:49:00,169.7
2018-09-21 13:51:00,169.72
2018-09-21 13:52:00,169.46
2018-09-21 13:53:00,169.52
2018-09-21 13:54:00,169.53
2018-09-21 13:55:00,169.49
2018-09-21 13:56:00,169.4473
2018-09-21 13:57:00,169.51
2018-09-21 13:58:00,169.45
2018-09-21 13:59:00,169.42
2018-09-21 14:00:00,169.48
2018-09-21 14:02:00,169.39
2018-09-21 14:03:00,169.415
2018-09-21 14:04:00,169.405
2018-09-21 14:05:00,169.38
2018-09-21 14:06:00,169.4201
2018-09-21 14:07:00,169.42
2018-09-21 14:08:00,169.5
2018-09-21 14:09:00,169.52
2018-09-21 14:10:00,169.63
